
=== Lookahead Session: 1779810932 ===
🔍 Match found at ngram_size 3: [17, 488, 220] -> drafts [17, 30]
✅ Draft ACCEPTED: 17
❌ Draft REJECTED: expected 30, got 16819

=== Lookahead Session: 1779810968 ===
🔍 Match found at ngram_size 3: [1909, 220, 20] -> drafts [15, 1429, 5411, 11674]
✅ Draft ACCEPTED: 15
✅ Draft ACCEPTED: 1429
✅ Draft ACCEPTED: 5411
✅ Draft ACCEPTED: 11674
🔍 Match found at ngram_size 3: [358, 1184, 311] -> drafts [37163, 1128, 330, 43248]
❌ Draft REJECTED: expected 37163, got 17188
🔍 Match found at ngram_size 3: [220, 20, 15] -> drafts [1429, 5411, 11674, 13]
✅ Draft ACCEPTED: 1429
✅ Draft ACCEPTED: 5411
✅ Draft ACCEPTED: 11674
❌ Draft REJECTED: expected 13, got 304
🔍 Match found at ngram_size 3: [220, 17, 15] -> drafts [16, 20, 476, 220]
✅ Draft ACCEPTED: 16
❌ Draft REJECTED: expected 20, got 21
🔍 Match found at ngram_size 3: [330, 43248, 1] -> drafts [3363, 1588, 13, 1084]
❌ Draft REJECTED: expected 3363, got 646
🔍 Match found at ngram_size 3: [16842, 5109, 11] -> drafts [3590, 3687, 33845, 11]
❌ Draft REJECTED: expected 3590, got 3800
🔍 Match found at ngram_size 3: [279, 1196, 2578] -> drafts [387, 22023, 311, 264]
✅ Draft ACCEPTED: 387
❌ Draft REJECTED: expected 22023, got 3330
🔍 Match found at ngram_size 3: [279, 1909, 220] -> drafts [20, 15, 1429, 5411]
✅ Draft ACCEPTED: 20
✅ Draft ACCEPTED: 15
❌ Draft REJECTED: expected 1429, got 369
🔍 Match found at ngram_size 3: [11674, 504, 5257] -> drafts [1635, 382, 40, 1265]
❌ Draft REJECTED: expected 1635, got 10793
🔍 Match found at ngram_size 3: [13, 4354, 11] -> drafts [279, 66193, 8007, 220]
✅ Draft ACCEPTED: 279
❌ Draft REJECTED: expected 66193, got 1196
🔍 Match found at ngram_size 3: [11, 279, 1196] -> drafts [6801, 264, 1140, 315]
❌ Draft REJECTED: expected 6801, got 3207
🔍 Match found at ngram_size 3: [279, 1196, 3207] -> drafts [944, 13837, 11, 358]
✅ Draft ACCEPTED: 944
✅ Draft ACCEPTED: 13837
❌ Draft REJECTED: expected 11, got 264
🔍 Match found at ngram_size 3: [13, 7281, 11] -> drafts [279, 7271, 315, 330]
✅ Draft ACCEPTED: 279
❌ Draft REJECTED: expected 7271, got 1140
🔍 Match found at ngram_size 3: [358, 646, 944] -> drafts [2615, 3887, 821, 476]
❌ Draft REJECTED: expected 2615, got 1779
🔍 Match found at ngram_size 3: [821, 11, 358] -> drafts [646, 1172, 3410, 264]
❌ Draft REJECTED: expected 646, got 3278
🔍 Match found at ngram_size 3: [22538, 382, 14190] -> drafts [11, 714, 358, 646]
✅ Draft ACCEPTED: 11
❌ Draft REJECTED: expected 714, got 279
🔍 Match found at ngram_size 3: [11, 279, 1196] -> drafts [3207, 944, 13837, 264]
❌ Draft REJECTED: expected 3207, got 2578
🔍 Match found at ngram_size 3: [279, 1196, 2578] -> drafts [387, 3330, 369, 11674]
❌ Draft REJECTED: expected 387, got 614
🔍 Match found at ngram_size 3: [13, 1752, 3110] -> drafts [11, 11674, 1075, 330]
✅ Draft ACCEPTED: 11
❌ Draft REJECTED: expected 11674, got 304
🔍 Match found at ngram_size 3: [25, 279, 1196] -> drafts [2578, 387, 3330, 369]
✅ Draft ACCEPTED: 2578
✅ Draft ACCEPTED: 387
❌ Draft REJECTED: expected 3330, got 22023
🔍 Match found at ngram_size 5: [279, 1196, 2578, 387, 22023] -> drafts [311, 264, 2155, 882]
✅ Draft ACCEPTED: 311
❌ Draft REJECTED: expected 264, got 11674
🔍 Match found at ngram_size 3: [279, 1909, 220] -> drafts [20, 15, 369, 264]
✅ Draft ACCEPTED: 20
✅ Draft ACCEPTED: 15
✅ Draft ACCEPTED: 369
❌ Draft REJECTED: expected 264, got 5248
🔍 Match found at ngram_size 3: [476, 614, 1012] -> drafts [304, 279, 1909, 220]
✅ Draft ACCEPTED: 304
✅ Draft ACCEPTED: 279
✅ Draft ACCEPTED: 1909
✅ Draft ACCEPTED: 220
🔍 Match found at ngram_size 3: [220, 16, 15] -> drafts [15, 374, 264, 5297]
❌ Draft REJECTED: expected 15, got 369
🔍 Match found at ngram_size 3: [15, 369, 264] -> drafts [1293, 882, 13, 1752]
✅ Draft ACCEPTED: 1293
✅ Draft ACCEPTED: 882
✅ Draft ACCEPTED: 13
❌ Draft REJECTED: expected 1752, got 2055
🔍 Match found at ngram_size 3: [13, 7281, 11] -> drafts [279, 1140, 1265, 387]
❌ Draft REJECTED: expected 279, got 12831
🔍 Match found at ngram_size 3: [11674, 429, 614] -> drafts [1012, 389, 279, 1909]
✅ Draft ACCEPTED: 1012
❌ Draft REJECTED: expected 389, got 9761
🔍 Match found at ngram_size 3: [13, 4354, 11] -> drafts [279, 1196, 3207, 944]
✅ Draft ACCEPTED: 279
✅ Draft ACCEPTED: 1196
✅ Draft ACCEPTED: 3207
✅ Draft ACCEPTED: 944
🔍 Match found at ngram_size 5: [279, 1196, 3207, 944, 13837] -> drafts [264, 17328, 11, 773]
❌ Draft REJECTED: expected 264, got 429
🔍 Match found at ngram_size 3: [11, 773, 358] -> drafts [3278, 1140, 264, 6514]
✅ Draft ACCEPTED: 3278
❌ Draft REJECTED: expected 1140, got 9214
🔍 Match found at ngram_size 3: [382, 40, 1265] -> drafts [1083, 2908, 2155, 35644]
✅ Draft ACCEPTED: 1083
❌ Draft REJECTED: expected 2908, got 1779
🔍 Match found at ngram_size 3: [11674, 429, 614] -> drafts [1012, 9761, 476, 1299]
❌ Draft REJECTED: expected 1012, got 18163
🔍 Match found at ngram_size 3: [3887, 821, 11] -> drafts [358, 3278, 614, 311]
✅ Draft ACCEPTED: 358
❌ Draft REJECTED: expected 3278, got 646
🔍 Match found at ngram_size 4: [821, 11, 358, 646] -> drafts [1172, 3410, 264, 57632]
❌ Draft REJECTED: expected 1172, got 944
🔍 Match found at ngram_size 3: [358, 646, 944] -> drafts [1779, 3887, 821, 11]
❌ Draft REJECTED: expected 1779, got 7683
🔍 Match found at ngram_size 3: [264, 1140, 315] -> drafts [279, 1909, 220, 20]
❌ Draft REJECTED: expected 279, got 11674
🔍 Match found at ngram_size 3: [11674, 429, 614] -> drafts [18163, 5089, 22538, 11]
❌ Draft REJECTED: expected 18163, got 1012
🔍 Match found at ngram_size 4: [11674, 429, 614, 1012] -> drafts [9761, 476, 1299, 3286]
❌ Draft REJECTED: expected 9761, got 389
🔍 Match found at ngram_size 5: [11674, 429, 614, 1012, 389] -> drafts [279, 1909, 220, 20]
✅ Draft ACCEPTED: 279
❌ Draft REJECTED: expected 1909, got 26131
🔍 Match found at ngram_size 3: [13, 1988, 2041] -> drafts [1931, 7246, 821, 11]
❌ Draft REJECTED: expected 1931, got 3151
🔍 Match found at ngram_size 3: [11, 358, 646] -> drafts [944, 7683, 13, 10696]
✅ Draft ACCEPTED: 944
❌ Draft REJECTED: expected 7683, got 50956
🔍 Match found at ngram_size 3: [1931, 7246, 821] -> drafts [11, 358, 646, 1172]
✅ Draft ACCEPTED: 11
✅ Draft ACCEPTED: 358
✅ Draft ACCEPTED: 646
❌ Draft REJECTED: expected 1172, got 3410
🔍 Match found at ngram_size 3: [3410, 264, 1140] -> drafts [3118, 389, 13656, 22538]
❌ Draft REJECTED: expected 3118, got 315
🔍 Match found at ngram_size 3: [264, 1140, 315] -> drafts [11674, 429, 614, 1012]
✅ Draft ACCEPTED: 11674
✅ Draft ACCEPTED: 429
✅ Draft ACCEPTED: 614
✅ Draft ACCEPTED: 1012
🔍 Match found at ngram_size 3: [504, 279, 220] -> drafts [23, 15, 82, 476]
✅ Draft ACCEPTED: 23
✅ Draft ACCEPTED: 15
✅ Draft ACCEPTED: 82
❌ Draft REJECTED: expected 476, got 323
🔍 Match found at ngram_size 3: [220, 24, 15] -> drafts [82, 429, 614, 18401]
✅ Draft ACCEPTED: 82
❌ Draft REJECTED: expected 429, got 323
🔍 Match found at ngram_size 3: [15, 82, 323] -> drafts [7218, 1526, 279, 220]
❌ Draft REJECTED: expected 7218, got 220
🔍 Match found at ngram_size 3: [220, 17, 15] -> drafts [16, 21, 11, 11649]
❌ Draft REJECTED: expected 16, got 15
🔍 Match found at ngram_size 3: [279, 1196, 2578] -> drafts [387, 22023, 311, 11674]
❌ Draft REJECTED: expected 387, got 1366
🔍 Match found at ngram_size 3: [11, 773, 358] -> drafts [3278, 9214, 311, 279]
❌ Draft REJECTED: expected 3278, got 1265
🔍 Match found at ngram_size 3: [358, 1265, 2908] -> drafts [264, 4185, 18266, 11]
❌ Draft REJECTED: expected 264, got 279
🔍 Match found at ngram_size 3: [220, 16, 15] -> drafts [369, 264, 1293, 882]
❌ Draft REJECTED: expected 369, got 12
🔍 Match found at ngram_size 3: [2578, 387, 3330] -> drafts [369, 11674, 429, 525]
✅ Draft ACCEPTED: 369
✅ Draft ACCEPTED: 11674
✅ Draft ACCEPTED: 429
❌ Draft REJECTED: expected 525, got 614
🔍 Match found at ngram_size 3: [11674, 429, 614] -> drafts [1012, 20699, 5411, 916]
✅ Draft ACCEPTED: 1012
❌ Draft REJECTED: expected 20699, got 304
🔍 Match found at ngram_size 3: [614, 1012, 304] -> drafts [279, 1909, 220, 16]
✅ Draft ACCEPTED: 279
✅ Draft ACCEPTED: 1909
✅ Draft ACCEPTED: 220
❌ Draft REJECTED: expected 16, got 20
🔍 Match found at ngram_size 5: [304, 279, 1909, 220, 20] -> drafts [15, 369, 264, 1293]
✅ Draft ACCEPTED: 15
✅ Draft ACCEPTED: 369
✅ Draft ACCEPTED: 264
✅ Draft ACCEPTED: 1293
🔍 Match found at ngram_size 5: [15, 369, 264, 1293, 882] -> drafts [13, 2055, 2670, 11674]
❌ Draft REJECTED: expected 13, got 11
🔍 Match found at ngram_size 3: [11, 279, 1196] -> drafts [3207, 944, 13837, 429]
❌ Draft REJECTED: expected 3207, got 2578
🔍 Match found at ngram_size 4: [11, 279, 1196, 2578] -> drafts [614, 264, 2155, 7271]
❌ Draft REJECTED: expected 614, got 387
🔍 Match found at ngram_size 4: [279, 1196, 2578, 387] -> drafts [22023, 311, 11674, 429]
✅ Draft ACCEPTED: 22023
✅ Draft ACCEPTED: 311
❌ Draft REJECTED: expected 11674, got 264
🔍 Match found at ngram_size 5: [2578, 387, 22023, 311, 264] -> drafts [2155, 882, 4034, 476]
❌ Draft REJECTED: expected 2155, got 3151
🔍 Match found at ngram_size 3: [11, 279, 1196] -> drafts [2578, 387, 22023, 311]
❌ Draft REJECTED: expected 2578, got 3207
🔍 Match found at ngram_size 4: [11, 279, 1196, 3207] -> drafts [944, 13837, 429, 11]
✅ Draft ACCEPTED: 944
✅ Draft ACCEPTED: 13837
❌ Draft REJECTED: expected 429, got 13
🔍 Match found at ngram_size 3: [13, 2055, 358] -> drafts [1184, 311, 17188, 389]
❌ Draft REJECTED: expected 1184, got 3278
🔍 Match found at ngram_size 3: [11674, 429, 614] -> drafts [1012, 304, 279, 1909]
❌ Draft REJECTED: expected 1012, got 1030
🔍 Match found at ngram_size 3: [13, 1752, 3110] -> drafts [11, 304, 1045, 13604]
✅ Draft ACCEPTED: 11
❌ Draft REJECTED: expected 304, got 330
🔍 Match found at ngram_size 3: [11, 330, 18665] -> drafts [26348, 1, 553, 51110]
❌ Draft REJECTED: expected 26348, got 39384
🔍 Match found at ngram_size 3: [11, 330, 95554] -> drafts [258, 6, 389, 264]
✅ Draft ACCEPTED: 258
✅ Draft ACCEPTED: 6
✅ Draft ACCEPTED: 389
✅ Draft ACCEPTED: 264
🔍 Match found at ngram_size 5: [258, 6, 389, 264, 54960] -> drafts [1, 553, 13481, 619]
✅ Draft ACCEPTED: 1
✅ Draft ACCEPTED: 553
✅ Draft ACCEPTED: 13481
✅ Draft ACCEPTED: 619
🔍 Match found at ngram_size 5: [1, 553, 13481, 619, 45088] -> drafts [11, 330, 10673, 6436]
✅ Draft ACCEPTED: 11
✅ Draft ACCEPTED: 330
❌ Draft REJECTED: expected 10673, got 52
🔍 Match found at ngram_size 3: [51110, 21048, 11] -> drafts [330, 6713, 944, 14215]
✅ Draft ACCEPTED: 330
❌ Draft REJECTED: expected 6713, got 4896
🔍 Match found at ngram_size 3: [330, 4896, 44951] -> drafts [6357, 1, 553, 33197]
✅ Draft ACCEPTED: 6357
✅ Draft ACCEPTED: 1
✅ Draft ACCEPTED: 553
✅ Draft ACCEPTED: 33197
🔍 Match found at ngram_size 5: [6357, 1, 553, 33197, 434] -> drafts [2382, 72, 323, 53446]
✅ Draft ACCEPTED: 2382
✅ Draft ACCEPTED: 72
❌ Draft REJECTED: expected 323, got 10482
🔍 Match found at ngram_size 3: [11, 330, 2016] -> drafts [726, 1084, 4114, 1]
✅ Draft ACCEPTED: 726
✅ Draft ACCEPTED: 1084
✅ Draft ACCEPTED: 4114
✅ Draft ACCEPTED: 1
🔍 Match found at ngram_size 5: [726, 1084, 4114, 1, 553] -> drafts [16439, 23670, 11, 323]
✅ Draft ACCEPTED: 16439
✅ Draft ACCEPTED: 23670
✅ Draft ACCEPTED: 11
❌ Draft REJECTED: expected 323, got 330
🔍 Match found at ngram_size 3: [1, 553, 16439] -> drafts [23670, 11, 330, 54]
✅ Draft ACCEPTED: 23670
✅ Draft ACCEPTED: 11
✅ Draft ACCEPTED: 330
❌ Draft REJECTED: expected 54, got 6713
🔍 Match found at ngram_size 3: [11, 330, 6713] -> drafts [944, 14215, 279, 73558]
✅ Draft ACCEPTED: 944
✅ Draft ACCEPTED: 14215
✅ Draft ACCEPTED: 279
✅ Draft ACCEPTED: 73558
🔍 Match found at ngram_size 5: [944, 14215, 279, 73558, 8958] -> drafts [553, 22467, 44148, 62110]
✅ Draft ACCEPTED: 553
✅ Draft ACCEPTED: 22467
✅ Draft ACCEPTED: 44148
✅ Draft ACCEPTED: 62110
🔍 Match found at ngram_size 5: [553, 22467, 44148, 62110, 11] -> drafts [330, 2016, 726, 1084]
✅ Draft ACCEPTED: 330
❌ Draft REJECTED: expected 2016, got 4923
🔍 Match found at ngram_size 3: [1, 553, 576] -> drafts [10348, 303, 11, 330]
✅ Draft ACCEPTED: 10348
✅ Draft ACCEPTED: 303
✅ Draft ACCEPTED: 11
✅ Draft ACCEPTED: 330
🔍 Match found at ngram_size 3: [422, 4284, 41139] -> drafts [64, 11, 330, 8784]
✅ Draft ACCEPTED: 64
✅ Draft ACCEPTED: 11
✅ Draft ACCEPTED: 330
❌ Draft REJECTED: expected 8784, got 3882
🔍 Match found at ngram_size 3: [70824, 11, 330] -> drafts [2304, 85, 49544, 1]
❌ Draft REJECTED: expected 2304, got 39
🔍 Match found at ngram_size 3: [11, 330, 3882] -> drafts [15965, 1, 553, 386]
✅ Draft ACCEPTED: 15965
✅ Draft ACCEPTED: 1
✅ Draft ACCEPTED: 553
✅ Draft ACCEPTED: 386
🔍 Match found at ngram_size 5: [15965, 1, 553, 386, 17801] -> drafts [70824, 11, 330, 39]
✅ Draft ACCEPTED: 70824
✅ Draft ACCEPTED: 11
✅ Draft ACCEPTED: 330
❌ Draft REJECTED: expected 39, got 34
🔍 Match found at ngram_size 3: [11, 330, 34] -> drafts [2672, 301, 18836, 1]
✅ Draft ACCEPTED: 2672
✅ Draft ACCEPTED: 301
✅ Draft ACCEPTED: 18836
✅ Draft ACCEPTED: 1
🔍 Match found at ngram_size 5: [2672, 301, 18836, 1, 553] -> drafts [15118, 53653, 10482, 13]
✅ Draft ACCEPTED: 15118
✅ Draft ACCEPTED: 53653
✅ Draft ACCEPTED: 10482
✅ Draft ACCEPTED: 13
🔍 Match found at ngram_size 5: [15118, 53653, 10482, 13, 422] -> drafts [4284, 41139, 64, 11]
✅ Draft ACCEPTED: 4284
✅ Draft ACCEPTED: 41139
✅ Draft ACCEPTED: 64
✅ Draft ACCEPTED: 11
🔍 Match found at ngram_size 5: [4284, 41139, 64, 11, 330] -> drafts [3882, 15965, 1, 553]
❌ Draft REJECTED: expected 3882, got 2304
🔍 Match found at ngram_size 3: [11, 330, 2304] -> drafts [85, 49544, 1, 553]
✅ Draft ACCEPTED: 85
✅ Draft ACCEPTED: 49544
✅ Draft ACCEPTED: 1
✅ Draft ACCEPTED: 553
🔍 Match found at ngram_size 5: [85, 49544, 1, 553, 422] -> drafts [4284, 41139, 64, 11]
✅ Draft ACCEPTED: 4284
✅ Draft ACCEPTED: 41139
✅ Draft ACCEPTED: 64
✅ Draft ACCEPTED: 11
🔍 Match found at ngram_size 5: [4284, 41139, 64, 11, 330] -> drafts [2304, 85, 49544, 1]
❌ Draft REJECTED: expected 2304, got 8784
🔍 Match found at ngram_size 5: [41139, 64, 11, 330, 8784] -> drafts [4615, 90914, 1, 553]
✅ Draft ACCEPTED: 4615
✅ Draft ACCEPTED: 90914
✅ Draft ACCEPTED: 1
✅ Draft ACCEPTED: 553
🔍 Match found at ngram_size 5: [4615, 90914, 1, 553, 576] -> drafts [10348, 303, 11, 330]
✅ Draft ACCEPTED: 10348
✅ Draft ACCEPTED: 303
✅ Draft ACCEPTED: 11
✅ Draft ACCEPTED: 330
🔍 Match found at ngram_size 5: [10348, 303, 11, 330, 28253] -> drafts [71118, 30919, 1, 553]
✅ Draft ACCEPTED: 71118
✅ Draft ACCEPTED: 30919
✅ Draft ACCEPTED: 1
✅ Draft ACCEPTED: 553
🔍 Match found at ngram_size 5: [71118, 30919, 1, 553, 13928] -> drafts [37370, 11, 330, 18284]
✅ Draft ACCEPTED: 37370
✅ Draft ACCEPTED: 11
✅ Draft ACCEPTED: 330
✅ Draft ACCEPTED: 18284
🔍 Match found at ngram_size 5: [37370, 11, 330, 18284, 13971] -> drafts [9536, 1, 553, 40478]
✅ Draft ACCEPTED: 9536
✅ Draft ACCEPTED: 1
✅ Draft ACCEPTED: 553
✅ Draft ACCEPTED: 40478
🔍 Match found at ngram_size 5: [9536, 1, 553, 40478, 38222] -> drafts [1599, 10482, 13, 32819]
✅ Draft ACCEPTED: 1599
✅ Draft ACCEPTED: 10482
✅ Draft ACCEPTED: 13
✅ Draft ACCEPTED: 32819
🔍 Match found at ngram_size 5: [1599, 10482, 13, 32819, 13255] -> drafts [70824, 11, 330, 2304]
✅ Draft ACCEPTED: 70824
✅ Draft ACCEPTED: 11
✅ Draft ACCEPTED: 330
❌ Draft REJECTED: expected 2304, got 3882
🔍 Match found at ngram_size 3: [11, 330, 3882] -> drafts [15965, 1, 553, 386]
✅ Draft ACCEPTED: 15965
✅ Draft ACCEPTED: 1
✅ Draft ACCEPTED: 553
✅ Draft ACCEPTED: 386
🔍 Match found at ngram_size 5: [15965, 1, 553, 386, 17801] -> drafts [70824, 11, 330, 34]
✅ Draft ACCEPTED: 70824
✅ Draft ACCEPTED: 11
✅ Draft ACCEPTED: 330
✅ Draft ACCEPTED: 34
🔍 Match found at ngram_size 5: [70824, 11, 330, 34, 2672] -> drafts [301, 18836, 1, 553]
✅ Draft ACCEPTED: 301
✅ Draft ACCEPTED: 18836
✅ Draft ACCEPTED: 1
✅ Draft ACCEPTED: 553
🔍 Match found at ngram_size 5: [301, 18836, 1, 553, 15118] -> drafts [53653, 10482, 13, 422]
✅ Draft ACCEPTED: 53653
✅ Draft ACCEPTED: 10482
✅ Draft ACCEPTED: 13
✅ Draft ACCEPTED: 422
🔍 Match found at ngram_size 5: [53653, 10482, 13, 422, 4284] -> drafts [41139, 64, 11, 330]
✅ Draft ACCEPTED: 41139
✅ Draft ACCEPTED: 64
✅ Draft ACCEPTED: 11
✅ Draft ACCEPTED: 330
🔍 Match found at ngram_size 5: [41139, 64, 11, 330, 2304] -> drafts [85, 49544, 1, 553]
✅ Draft ACCEPTED: 85
✅ Draft ACCEPTED: 49544
✅ Draft ACCEPTED: 1
✅ Draft ACCEPTED: 553
🔍 Match found at ngram_size 5: [85, 49544, 1, 553, 422] -> drafts [4284, 41139, 64, 11]
✅ Draft ACCEPTED: 4284
✅ Draft ACCEPTED: 41139
✅ Draft ACCEPTED: 64
✅ Draft ACCEPTED: 11
🔍 Match found at ngram_size 5: [4284, 41139, 64, 11, 330] -> drafts [2304, 85, 49544, 1]
❌ Draft REJECTED: expected 2304, got 8784
🔍 Match found at ngram_size 5: [41139, 64, 11, 330, 8784] -> drafts [4615, 90914, 1, 553]
✅ Draft ACCEPTED: 4615
✅ Draft ACCEPTED: 90914
✅ Draft ACCEPTED: 1
✅ Draft ACCEPTED: 553
🔍 Match found at ngram_size 5: [4615, 90914, 1, 553, 576] -> drafts [10348, 303, 11, 330]
✅ Draft ACCEPTED: 10348
✅ Draft ACCEPTED: 303
✅ Draft ACCEPTED: 11
✅ Draft ACCEPTED: 330
🔍 Match found at ngram_size 5: [10348, 303, 11, 330, 28253] -> drafts [71118, 30919, 1, 553]
✅ Draft ACCEPTED: 71118
✅ Draft ACCEPTED: 30919
✅ Draft ACCEPTED: 1
✅ Draft ACCEPTED: 553
🔍 Match found at ngram_size 5: [71118, 30919, 1, 553, 13928] -> drafts [37370, 11, 330, 18284]
✅ Draft ACCEPTED: 37370
✅ Draft ACCEPTED: 11
✅ Draft ACCEPTED: 330
✅ Draft ACCEPTED: 18284
🔍 Match found at ngram_size 5: [37370, 11, 330, 18284, 13971] -> drafts [9536, 1, 553, 40478]
✅ Draft ACCEPTED: 9536
✅ Draft ACCEPTED: 1
✅ Draft ACCEPTED: 553
✅ Draft ACCEPTED: 40478
🔍 Match found at ngram_size 5: [9536, 1, 553, 40478, 38222] -> drafts [1599, 10482, 13, 32819]
✅ Draft ACCEPTED: 1599
✅ Draft ACCEPTED: 10482
✅ Draft ACCEPTED: 13
✅ Draft ACCEPTED: 32819
🔍 Match found at ngram_size 5: [1599, 10482, 13, 32819, 13255] -> drafts [70824, 11, 330, 3882]
✅ Draft ACCEPTED: 70824
✅ Draft ACCEPTED: 11
✅ Draft ACCEPTED: 330
✅ Draft ACCEPTED: 3882
🔍 Match found at ngram_size 5: [70824, 11, 330, 3882, 15965] -> drafts [1, 553, 386, 17801]
✅ Draft ACCEPTED: 1
✅ Draft ACCEPTED: 553
✅ Draft ACCEPTED: 386
✅ Draft ACCEPTED: 17801
🔍 Match found at ngram_size 5: [1, 553, 386, 17801, 70824] -> drafts [11, 330, 34, 2672]
✅ Draft ACCEPTED: 11
✅ Draft ACCEPTED: 330
✅ Draft ACCEPTED: 34
✅ Draft ACCEPTED: 2672
🔍 Match found at ngram_size 5: [11, 330, 34, 2672, 301] -> drafts [18836, 1, 553, 15118]
✅ Draft ACCEPTED: 18836
✅ Draft ACCEPTED: 1
✅ Draft ACCEPTED: 553
✅ Draft ACCEPTED: 15118
🔍 Match found at ngram_size 5: [18836, 1, 553, 15118, 53653] -> drafts [10482, 13, 422, 4284]
✅ Draft ACCEPTED: 10482
✅ Draft ACCEPTED: 13
✅ Draft ACCEPTED: 422
✅ Draft ACCEPTED: 4284
🔍 Match found at ngram_size 5: [10482, 13, 422, 4284, 41139] -> drafts [64, 11, 330, 2304]
✅ Draft ACCEPTED: 64
✅ Draft ACCEPTED: 11
✅ Draft ACCEPTED: 330
✅ Draft ACCEPTED: 2304
🔍 Match found at ngram_size 5: [64, 11, 330, 2304, 85] -> drafts [49544, 1, 553, 422]
✅ Draft ACCEPTED: 49544
✅ Draft ACCEPTED: 1
✅ Draft ACCEPTED: 553
✅ Draft ACCEPTED: 422
🔍 Match found at ngram_size 5: [49544, 1, 553, 422, 4284] -> drafts [41139, 64, 11, 330]
✅ Draft ACCEPTED: 41139
✅ Draft ACCEPTED: 64
✅ Draft ACCEPTED: 11
✅ Draft ACCEPTED: 330
🔍 Match found at ngram_size 5: [41139, 64, 11, 330, 8784] -> drafts [4615, 90914, 1, 553]
✅ Draft ACCEPTED: 4615
✅ Draft ACCEPTED: 90914
✅ Draft ACCEPTED: 1
✅ Draft ACCEPTED: 553
🔍 Match found at ngram_size 5: [4615, 90914, 1, 553, 576] -> drafts [10348, 303, 11, 330]
✅ Draft ACCEPTED: 10348
✅ Draft ACCEPTED: 303
✅ Draft ACCEPTED: 11
✅ Draft ACCEPTED: 330
🔍 Match found at ngram_size 5: [10348, 303, 11, 330, 28253] -> drafts [71118, 30919, 1, 553]
✅ Draft ACCEPTED: 71118
✅ Draft ACCEPTED: 30919
✅ Draft ACCEPTED: 1
✅ Draft ACCEPTED: 553
🔍 Match found at ngram_size 5: [71118, 30919, 1, 553, 13928] -> drafts [37370, 11, 330, 18284]
✅ Draft ACCEPTED: 37370
✅ Draft ACCEPTED: 11
✅ Draft ACCEPTED: 330
✅ Draft ACCEPTED: 18284
🔍 Match found at ngram_size 5: [37370, 11, 330, 18284, 13971] -> drafts [9536, 1, 553, 40478]
✅ Draft ACCEPTED: 9536
✅ Draft ACCEPTED: 1
✅ Draft ACCEPTED: 553
✅ Draft ACCEPTED: 40478
🔍 Match found at ngram_size 5: [9536, 1, 553, 40478, 38222] -> drafts [1599, 10482, 13, 32819]
✅ Draft ACCEPTED: 1599
✅ Draft ACCEPTED: 10482
✅ Draft ACCEPTED: 13
✅ Draft ACCEPTED: 32819
🔍 Match found at ngram_size 5: [1599, 10482, 13, 32819, 13255] -> drafts [70824, 11, 330, 3882]
✅ Draft ACCEPTED: 70824
✅ Draft ACCEPTED: 11
✅ Draft ACCEPTED: 330
✅ Draft ACCEPTED: 3882
🔍 Match found at ngram_size 5: [70824, 11, 330, 3882, 15965] -> drafts [1, 553, 386, 17801]
✅ Draft ACCEPTED: 1
✅ Draft ACCEPTED: 553
✅ Draft ACCEPTED: 386
✅ Draft ACCEPTED: 17801
🔍 Match found at ngram_size 5: [1, 553, 386, 17801, 70824] -> drafts [11, 330, 34, 2672]
✅ Draft ACCEPTED: 11
✅ Draft ACCEPTED: 330
✅ Draft ACCEPTED: 34
✅ Draft ACCEPTED: 2672
🔍 Match found at ngram_size 5: [11, 330, 34, 2672, 301] -> drafts [18836, 1, 553, 15118]
✅ Draft ACCEPTED: 18836
✅ Draft ACCEPTED: 1
✅ Draft ACCEPTED: 553
✅ Draft ACCEPTED: 15118
🔍 Match found at ngram_size 5: [18836, 1, 553, 15118, 53653] -> drafts [10482, 13, 422, 4284]
✅ Draft ACCEPTED: 10482
✅ Draft ACCEPTED: 13
✅ Draft ACCEPTED: 422
✅ Draft ACCEPTED: 4284
🔍 Match found at ngram_size 5: [10482, 13, 422, 4284, 41139] -> drafts [64, 11, 330, 2304]
✅ Draft ACCEPTED: 64
✅ Draft ACCEPTED: 11
✅ Draft ACCEPTED: 330
✅ Draft ACCEPTED: 2304
🔍 Match found at ngram_size 5: [64, 11, 330, 2304, 85] -> drafts [49544, 1, 553, 422]
✅ Draft ACCEPTED: 49544
✅ Draft ACCEPTED: 1
✅ Draft ACCEPTED: 553
✅ Draft ACCEPTED: 422
🔍 Match found at ngram_size 5: [49544, 1, 553, 422, 4284] -> drafts [41139, 64, 11, 330]
✅ Draft ACCEPTED: 41139
✅ Draft ACCEPTED: 64
✅ Draft ACCEPTED: 11
✅ Draft ACCEPTED: 330
🔍 Match found at ngram_size 5: [41139, 64, 11, 330, 8784] -> drafts [4615, 90914, 1, 553]
✅ Draft ACCEPTED: 4615
✅ Draft ACCEPTED: 90914
✅ Draft ACCEPTED: 1
✅ Draft ACCEPTED: 553
🔍 Match found at ngram_size 5: [4615, 90914, 1, 553, 576] -> drafts [10348, 303, 11, 330]
✅ Draft ACCEPTED: 10348
✅ Draft ACCEPTED: 303
✅ Draft ACCEPTED: 11
✅ Draft ACCEPTED: 330
🔍 Match found at ngram_size 5: [10348, 303, 11, 330, 28253] -> drafts [71118, 30919, 1, 553]
✅ Draft ACCEPTED: 71118
✅ Draft ACCEPTED: 30919
✅ Draft ACCEPTED: 1
✅ Draft ACCEPTED: 553
🔍 Match found at ngram_size 5: [71118, 30919, 1, 553, 13928] -> drafts [37370, 11, 330, 18284]
✅ Draft ACCEPTED: 37370
✅ Draft ACCEPTED: 11
✅ Draft ACCEPTED: 330
✅ Draft ACCEPTED: 18284
🔍 Match found at ngram_size 5: [37370, 11, 330, 18284, 13971] -> drafts [9536, 1, 553, 40478]
✅ Draft ACCEPTED: 9536
✅ Draft ACCEPTED: 1
✅ Draft ACCEPTED: 553
✅ Draft ACCEPTED: 40478
🔍 Match found at ngram_size 5: [9536, 1, 553, 40478, 38222] -> drafts [1599, 10482, 13, 32819]
✅ Draft ACCEPTED: 1599
✅ Draft ACCEPTED: 10482
✅ Draft ACCEPTED: 13
✅ Draft ACCEPTED: 32819
🔍 Match found at ngram_size 5: [1599, 10482, 13, 32819, 13255] -> drafts [70824, 11, 330, 3882]
✅ Draft ACCEPTED: 70824
✅ Draft ACCEPTED: 11
✅ Draft ACCEPTED: 330
✅ Draft ACCEPTED: 3882
🔍 Match found at ngram_size 5: [70824, 11, 330, 3882, 15965] -> drafts [1, 553, 386, 17801]
✅ Draft ACCEPTED: 1
✅ Draft ACCEPTED: 553
✅ Draft ACCEPTED: 386
✅ Draft ACCEPTED: 17801
🔍 Match found at ngram_size 5: [1, 553, 386, 17801, 70824] -> drafts [11, 330, 34, 2672]
✅ Draft ACCEPTED: 11
✅ Draft ACCEPTED: 330
✅ Draft ACCEPTED: 34
✅ Draft ACCEPTED: 2672
🔍 Match found at ngram_size 5: [11, 330, 34, 2672, 301] -> drafts [18836, 1, 553, 15118]
✅ Draft ACCEPTED: 18836
✅ Draft ACCEPTED: 1
✅ Draft ACCEPTED: 553
✅ Draft ACCEPTED: 15118
🔍 Match found at ngram_size 5: [18836, 1, 553, 15118, 53653] -> drafts [10482, 13, 422, 4284]
✅ Draft ACCEPTED: 10482
✅ Draft ACCEPTED: 13
✅ Draft ACCEPTED: 422
✅ Draft ACCEPTED: 4284
🔍 Match found at ngram_size 5: [10482, 13, 422, 4284, 41139] -> drafts [64, 11, 330, 2304]
✅ Draft ACCEPTED: 64
✅ Draft ACCEPTED: 11
✅ Draft ACCEPTED: 330
✅ Draft ACCEPTED: 2304
🔍 Match found at ngram_size 5: [64, 11, 330, 2304, 85] -> drafts [49544, 1, 553, 422]
✅ Draft ACCEPTED: 49544
✅ Draft ACCEPTED: 1
✅ Draft ACCEPTED: 553
✅ Draft ACCEPTED: 422
🔍 Match found at ngram_size 5: [49544, 1, 553, 422, 4284] -> drafts [41139, 64, 11, 330]
✅ Draft ACCEPTED: 41139
✅ Draft ACCEPTED: 64
✅ Draft ACCEPTED: 11
✅ Draft ACCEPTED: 330
🔍 Match found at ngram_size 5: [41139, 64, 11, 330, 8784] -> drafts [4615, 90914, 1, 553]
✅ Draft ACCEPTED: 4615
✅ Draft ACCEPTED: 90914
✅ Draft ACCEPTED: 1
✅ Draft ACCEPTED: 553
🔍 Match found at ngram_size 5: [4615, 90914, 1, 553, 576] -> drafts [10348, 303, 11, 330]
✅ Draft ACCEPTED: 10348
✅ Draft ACCEPTED: 303
✅ Draft ACCEPTED: 11
✅ Draft ACCEPTED: 330
🔍 Match found at ngram_size 5: [10348, 303, 11, 330, 28253] -> drafts [71118, 30919, 1, 553]
✅ Draft ACCEPTED: 71118
✅ Draft ACCEPTED: 30919
✅ Draft ACCEPTED: 1
✅ Draft ACCEPTED: 553
🔍 Match found at ngram_size 5: [71118, 30919, 1, 553, 13928] -> drafts [37370, 11, 330, 18284]
✅ Draft ACCEPTED: 37370
✅ Draft ACCEPTED: 11
✅ Draft ACCEPTED: 330
✅ Draft ACCEPTED: 18284
🔍 Match found at ngram_size 5: [37370, 11, 330, 18284, 13971] -> drafts [9536, 1, 553, 40478]
✅ Draft ACCEPTED: 9536
✅ Draft ACCEPTED: 1
✅ Draft ACCEPTED: 553
✅ Draft ACCEPTED: 40478
🔍 Match found at ngram_size 5: [9536, 1, 553, 40478, 38222] -> drafts [1599, 10482, 13, 32819]
✅ Draft ACCEPTED: 1599
✅ Draft ACCEPTED: 10482
✅ Draft ACCEPTED: 13
✅ Draft ACCEPTED: 32819
🔍 Match found at ngram_size 5: [1599, 10482, 13, 32819, 13255] -> drafts [70824, 11, 330, 3882]
✅ Draft ACCEPTED: 70824
✅ Draft ACCEPTED: 11
✅ Draft ACCEPTED: 330
✅ Draft ACCEPTED: 3882
🔍 Match found at ngram_size 5: [70824, 11, 330, 3882, 15965] -> drafts [1, 553, 386, 17801]
✅ Draft ACCEPTED: 1
✅ Draft ACCEPTED: 553
✅ Draft ACCEPTED: 386
✅ Draft ACCEPTED: 17801
🔍 Match found at ngram_size 5: [1, 553, 386, 17801, 70824] -> drafts [11, 330, 34, 2672]
✅ Draft ACCEPTED: 11
✅ Draft ACCEPTED: 330
✅ Draft ACCEPTED: 34
✅ Draft ACCEPTED: 2672
🔍 Match found at ngram_size 5: [11, 330, 34, 2672, 301] -> drafts [18836, 1, 553, 15118]
✅ Draft ACCEPTED: 18836
✅ Draft ACCEPTED: 1
✅ Draft ACCEPTED: 553
✅ Draft ACCEPTED: 15118
🔍 Match found at ngram_size 5: [18836, 1, 553, 15118, 53653] -> drafts [10482, 13, 422, 4284]
✅ Draft ACCEPTED: 10482
✅ Draft ACCEPTED: 13
✅ Draft ACCEPTED: 422
✅ Draft ACCEPTED: 4284
🔍 Match found at ngram_size 5: [10482, 13, 422, 4284, 41139] -> drafts [64, 11, 330, 2304]
✅ Draft ACCEPTED: 64
✅ Draft ACCEPTED: 11
✅ Draft ACCEPTED: 330
✅ Draft ACCEPTED: 2304
🔍 Match found at ngram_size 5: [64, 11, 330, 2304, 85] -> drafts [49544, 1, 553, 422]
✅ Draft ACCEPTED: 49544
✅ Draft ACCEPTED: 1
✅ Draft ACCEPTED: 553
✅ Draft ACCEPTED: 422
🔍 Match found at ngram_size 5: [49544, 1, 553, 422, 4284] -> drafts [41139, 64, 11, 330]
✅ Draft ACCEPTED: 41139
✅ Draft ACCEPTED: 64
✅ Draft ACCEPTED: 11
✅ Draft ACCEPTED: 330
🔍 Match found at ngram_size 5: [41139, 64, 11, 330, 8784] -> drafts [4615, 90914, 1, 553]
✅ Draft ACCEPTED: 4615
✅ Draft ACCEPTED: 90914
✅ Draft ACCEPTED: 1
✅ Draft ACCEPTED: 553
🔍 Match found at ngram_size 5: [4615, 90914, 1, 553, 576] -> drafts [10348, 303, 11, 330]
✅ Draft ACCEPTED: 10348
✅ Draft ACCEPTED: 303
✅ Draft ACCEPTED: 11
✅ Draft ACCEPTED: 330
🔍 Match found at ngram_size 5: [10348, 303, 11, 330, 28253] -> drafts [71118, 30919, 1, 553]
✅ Draft ACCEPTED: 71118
✅ Draft ACCEPTED: 30919
✅ Draft ACCEPTED: 1
✅ Draft ACCEPTED: 553
🔍 Match found at ngram_size 5: [71118, 30919, 1, 553, 13928] -> drafts [37370, 11, 330, 18284]
✅ Draft ACCEPTED: 37370
✅ Draft ACCEPTED: 11
✅ Draft ACCEPTED: 330
✅ Draft ACCEPTED: 18284
🔍 Match found at ngram_size 5: [37370, 11, 330, 18284, 13971] -> drafts [9536, 1, 553, 40478]
✅ Draft ACCEPTED: 9536
✅ Draft ACCEPTED: 1
✅ Draft ACCEPTED: 553
✅ Draft ACCEPTED: 40478
🔍 Match found at ngram_size 5: [9536, 1, 553, 40478, 38222] -> drafts [1599, 10482, 13, 32819]
✅ Draft ACCEPTED: 1599
✅ Draft ACCEPTED: 10482
✅ Draft ACCEPTED: 13
✅ Draft ACCEPTED: 32819
🔍 Match found at ngram_size 5: [1599, 10482, 13, 32819, 13255] -> drafts [70824, 11, 330, 3882]
✅ Draft ACCEPTED: 70824
✅ Draft ACCEPTED: 11
✅ Draft ACCEPTED: 330
✅ Draft ACCEPTED: 3882
🔍 Match found at ngram_size 5: [70824, 11, 330, 3882, 15965] -> drafts [1, 553, 386, 17801]
✅ Draft ACCEPTED: 1
✅ Draft ACCEPTED: 553
✅ Draft ACCEPTED: 386
✅ Draft ACCEPTED: 17801
🔍 Match found at ngram_size 5: [1, 553, 386, 17801, 70824] -> drafts [11, 330, 34, 2672]
✅ Draft ACCEPTED: 11
✅ Draft ACCEPTED: 330
✅ Draft ACCEPTED: 34
✅ Draft ACCEPTED: 2672
🔍 Match found at ngram_size 5: [11, 330, 34, 2672, 301] -> drafts [18836, 1, 553, 15118]
✅ Draft ACCEPTED: 18836
✅ Draft ACCEPTED: 1
✅ Draft ACCEPTED: 553
✅ Draft ACCEPTED: 15118
🔍 Match found at ngram_size 5: [18836, 1, 553, 15118, 53653] -> drafts [10482, 13, 422, 4284]
✅ Draft ACCEPTED: 10482
✅ Draft ACCEPTED: 13
✅ Draft ACCEPTED: 422
✅ Draft ACCEPTED: 4284
🔍 Match found at ngram_size 5: [10482, 13, 422, 4284, 41139] -> drafts [64, 11, 330, 2304]
✅ Draft ACCEPTED: 64
✅ Draft ACCEPTED: 11
✅ Draft ACCEPTED: 330
✅ Draft ACCEPTED: 2304
🔍 Match found at ngram_size 5: [64, 11, 330, 2304, 85] -> drafts [49544, 1, 553, 422]
✅ Draft ACCEPTED: 49544
✅ Draft ACCEPTED: 1
✅ Draft ACCEPTED: 553
✅ Draft ACCEPTED: 422
🔍 Match found at ngram_size 5: [49544, 1, 553, 422, 4284] -> drafts [41139, 64, 11, 330]
✅ Draft ACCEPTED: 41139
✅ Draft ACCEPTED: 64
✅ Draft ACCEPTED: 11
✅ Draft ACCEPTED: 330
🔍 Match found at ngram_size 5: [41139, 64, 11, 330, 8784] -> drafts [4615, 90914, 1, 553]
✅ Draft ACCEPTED: 4615
✅ Draft ACCEPTED: 90914
✅ Draft ACCEPTED: 1
✅ Draft ACCEPTED: 553
🔍 Match found at ngram_size 5: [4615, 90914, 1, 553, 576] -> drafts [10348, 303, 11, 330]
✅ Draft ACCEPTED: 10348
✅ Draft ACCEPTED: 303
✅ Draft ACCEPTED: 11
✅ Draft ACCEPTED: 330
🔍 Match found at ngram_size 5: [10348, 303, 11, 330, 28253] -> drafts [71118, 30919, 1, 553]
✅ Draft ACCEPTED: 71118
✅ Draft ACCEPTED: 30919
✅ Draft ACCEPTED: 1
✅ Draft ACCEPTED: 553
🔍 Match found at ngram_size 5: [71118, 30919, 1, 553, 13928] -> drafts [37370, 11, 330, 18284]
✅ Draft ACCEPTED: 37370
✅ Draft ACCEPTED: 11
✅ Draft ACCEPTED: 330
✅ Draft ACCEPTED: 18284
🔍 Match found at ngram_size 5: [37370, 11, 330, 18284, 13971] -> drafts [9536, 1, 553, 40478]
✅ Draft ACCEPTED: 9536
✅ Draft ACCEPTED: 1
✅ Draft ACCEPTED: 553
✅ Draft ACCEPTED: 40478
🔍 Match found at ngram_size 5: [9536, 1, 553, 40478, 38222] -> drafts [1599, 10482, 13, 32819]
✅ Draft ACCEPTED: 1599
✅ Draft ACCEPTED: 10482
✅ Draft ACCEPTED: 13
✅ Draft ACCEPTED: 32819
🔍 Match found at ngram_size 5: [1599, 10482, 13, 32819, 13255] -> drafts [70824, 11, 330, 3882]
✅ Draft ACCEPTED: 70824
✅ Draft ACCEPTED: 11
✅ Draft ACCEPTED: 330
✅ Draft ACCEPTED: 3882
🔍 Match found at ngram_size 5: [70824, 11, 330, 3882, 15965] -> drafts [1, 553, 386, 17801]
✅ Draft ACCEPTED: 1
✅ Draft ACCEPTED: 553
✅ Draft ACCEPTED: 386
✅ Draft ACCEPTED: 17801
🔍 Match found at ngram_size 5: [1, 553, 386, 17801, 70824] -> drafts [11, 330, 34, 2672]
✅ Draft ACCEPTED: 11
✅ Draft ACCEPTED: 330
✅ Draft ACCEPTED: 34
✅ Draft ACCEPTED: 2672
🔍 Match found at ngram_size 5: [11, 330, 34, 2672, 301] -> drafts [18836, 1, 553, 15118]
✅ Draft ACCEPTED: 18836
✅ Draft ACCEPTED: 1
✅ Draft ACCEPTED: 553
✅ Draft ACCEPTED: 15118
🔍 Match found at ngram_size 5: [18836, 1, 553, 15118, 53653] -> drafts [10482, 13, 422, 4284]
✅ Draft ACCEPTED: 10482
✅ Draft ACCEPTED: 13
✅ Draft ACCEPTED: 422
✅ Draft ACCEPTED: 4284
🔍 Match found at ngram_size 5: [10482, 13, 422, 4284, 41139] -> drafts [64, 11, 330, 2304]
✅ Draft ACCEPTED: 64
✅ Draft ACCEPTED: 11
✅ Draft ACCEPTED: 330
✅ Draft ACCEPTED: 2304
🔍 Match found at ngram_size 5: [64, 11, 330, 2304, 85] -> drafts [49544, 1, 553, 422]
✅ Draft ACCEPTED: 49544
✅ Draft ACCEPTED: 1
✅ Draft ACCEPTED: 553
✅ Draft ACCEPTED: 422
🔍 Match found at ngram_size 5: [49544, 1, 553, 422, 4284] -> drafts [41139, 64, 11, 330]
✅ Draft ACCEPTED: 41139
✅ Draft ACCEPTED: 64
✅ Draft ACCEPTED: 11
✅ Draft ACCEPTED: 330
🔍 Match found at ngram_size 5: [41139, 64, 11, 330, 8784] -> drafts [4615, 90914, 1, 553]
✅ Draft ACCEPTED: 4615
✅ Draft ACCEPTED: 90914
✅ Draft ACCEPTED: 1
✅ Draft ACCEPTED: 553
🔍 Match found at ngram_size 5: [4615, 90914, 1, 553, 576] -> drafts [10348, 303, 11, 330]
✅ Draft ACCEPTED: 10348
✅ Draft ACCEPTED: 303
✅ Draft ACCEPTED: 11
✅ Draft ACCEPTED: 330
🔍 Match found at ngram_size 5: [10348, 303, 11, 330, 28253] -> drafts [71118, 30919, 1, 553]
✅ Draft ACCEPTED: 71118
✅ Draft ACCEPTED: 30919
✅ Draft ACCEPTED: 1
✅ Draft ACCEPTED: 553
🔍 Match found at ngram_size 5: [71118, 30919, 1, 553, 13928] -> drafts [37370, 11, 330, 18284]
✅ Draft ACCEPTED: 37370
✅ Draft ACCEPTED: 11
✅ Draft ACCEPTED: 330
✅ Draft ACCEPTED: 18284
🔍 Match found at ngram_size 5: [37370, 11, 330, 18284, 13971] -> drafts [9536, 1, 553, 40478]
✅ Draft ACCEPTED: 9536
✅ Draft ACCEPTED: 1
✅ Draft ACCEPTED: 553
✅ Draft ACCEPTED: 40478
🔍 Match found at ngram_size 5: [9536, 1, 553, 40478, 38222] -> drafts [1599, 10482, 13, 32819]
✅ Draft ACCEPTED: 1599
✅ Draft ACCEPTED: 10482
✅ Draft ACCEPTED: 13
✅ Draft ACCEPTED: 32819
🔍 Match found at ngram_size 5: [1599, 10482, 13, 32819, 13255] -> drafts [70824, 11, 330, 3882]
✅ Draft ACCEPTED: 70824
✅ Draft ACCEPTED: 11
✅ Draft ACCEPTED: 330
✅ Draft ACCEPTED: 3882
🔍 Match found at ngram_size 5: [70824, 11, 330, 3882, 15965] -> drafts [1, 553, 386, 17801]
✅ Draft ACCEPTED: 1
✅ Draft ACCEPTED: 553
✅ Draft ACCEPTED: 386
✅ Draft ACCEPTED: 17801
🔍 Match found at ngram_size 5: [1, 553, 386, 17801, 70824] -> drafts [11, 330, 34, 2672]
✅ Draft ACCEPTED: 11
✅ Draft ACCEPTED: 330
✅ Draft ACCEPTED: 34
✅ Draft ACCEPTED: 2672
🔍 Match found at ngram_size 5: [11, 330, 34, 2672, 301] -> drafts [18836, 1, 553, 15118]
✅ Draft ACCEPTED: 18836
✅ Draft ACCEPTED: 1
✅ Draft ACCEPTED: 553
✅ Draft ACCEPTED: 15118
🔍 Match found at ngram_size 5: [18836, 1, 553, 15118, 53653] -> drafts [10482, 13, 422, 4284]
✅ Draft ACCEPTED: 10482
✅ Draft ACCEPTED: 13
✅ Draft ACCEPTED: 422
✅ Draft ACCEPTED: 4284
🔍 Match found at ngram_size 5: [10482, 13, 422, 4284, 41139] -> drafts [64, 11, 330, 2304]
✅ Draft ACCEPTED: 64
✅ Draft ACCEPTED: 11
✅ Draft ACCEPTED: 330
✅ Draft ACCEPTED: 2304
🔍 Match found at ngram_size 5: [64, 11, 330, 2304, 85] -> drafts [49544, 1, 553, 422]
✅ Draft ACCEPTED: 49544
✅ Draft ACCEPTED: 1
✅ Draft ACCEPTED: 553
✅ Draft ACCEPTED: 422
🔍 Match found at ngram_size 5: [49544, 1, 553, 422, 4284] -> drafts [41139, 64, 11, 330]
✅ Draft ACCEPTED: 41139
✅ Draft ACCEPTED: 64
✅ Draft ACCEPTED: 11
✅ Draft ACCEPTED: 330
🔍 Match found at ngram_size 5: [41139, 64, 11, 330, 8784] -> drafts [4615, 90914, 1, 553]
✅ Draft ACCEPTED: 4615
✅ Draft ACCEPTED: 90914
✅ Draft ACCEPTED: 1
✅ Draft ACCEPTED: 553
🔍 Match found at ngram_size 5: [4615, 90914, 1, 553, 576] -> drafts [10348, 303, 11, 330]
✅ Draft ACCEPTED: 10348
✅ Draft ACCEPTED: 303
✅ Draft ACCEPTED: 11
✅ Draft ACCEPTED: 330
🔍 Match found at ngram_size 5: [10348, 303, 11, 330, 28253] -> drafts [71118, 30919, 1, 553]
✅ Draft ACCEPTED: 71118
✅ Draft ACCEPTED: 30919
✅ Draft ACCEPTED: 1
✅ Draft ACCEPTED: 553
🔍 Match found at ngram_size 5: [71118, 30919, 1, 553, 13928] -> drafts [37370, 11, 330, 18284]
✅ Draft ACCEPTED: 37370
✅ Draft ACCEPTED: 11
✅ Draft ACCEPTED: 330
✅ Draft ACCEPTED: 18284
🔍 Match found at ngram_size 5: [37370, 11, 330, 18284, 13971] -> drafts [9536, 1, 553, 40478]
✅ Draft ACCEPTED: 9536
✅ Draft ACCEPTED: 1
✅ Draft ACCEPTED: 553
✅ Draft ACCEPTED: 40478
🔍 Match found at ngram_size 5: [9536, 1, 553, 40478, 38222] -> drafts [1599, 10482, 13, 32819]
✅ Draft ACCEPTED: 1599
✅ Draft ACCEPTED: 10482
✅ Draft ACCEPTED: 13
✅ Draft ACCEPTED: 32819
🔍 Match found at ngram_size 5: [1599, 10482, 13, 32819, 13255] -> drafts [70824, 11, 330, 3882]
✅ Draft ACCEPTED: 70824
✅ Draft ACCEPTED: 11
✅ Draft ACCEPTED: 330
✅ Draft ACCEPTED: 3882
🔍 Match found at ngram_size 5: [70824, 11, 330, 3882, 15965] -> drafts [1, 553, 386, 17801]
✅ Draft ACCEPTED: 1
✅ Draft ACCEPTED: 553
✅ Draft ACCEPTED: 386
✅ Draft ACCEPTED: 17801
🔍 Match found at ngram_size 5: [1, 553, 386, 17801, 70824] -> drafts [11, 330, 34, 2672]
✅ Draft ACCEPTED: 11
✅ Draft ACCEPTED: 330
✅ Draft ACCEPTED: 34
✅ Draft ACCEPTED: 2672
🔍 Match found at ngram_size 5: [11, 330, 34, 2672, 301] -> drafts [18836, 1, 553, 15118]
✅ Draft ACCEPTED: 18836
✅ Draft ACCEPTED: 1
✅ Draft ACCEPTED: 553
✅ Draft ACCEPTED: 15118
🔍 Match found at ngram_size 5: [18836, 1, 553, 15118, 53653] -> drafts [10482, 13, 422, 4284]
✅ Draft ACCEPTED: 10482
✅ Draft ACCEPTED: 13
✅ Draft ACCEPTED: 422
✅ Draft ACCEPTED: 4284
🔍 Match found at ngram_size 5: [10482, 13, 422, 4284, 41139] -> drafts [64, 11, 330, 2304]
✅ Draft ACCEPTED: 64
✅ Draft ACCEPTED: 11
✅ Draft ACCEPTED: 330
✅ Draft ACCEPTED: 2304
🔍 Match found at ngram_size 5: [64, 11, 330, 2304, 85] -> drafts [49544, 1, 553, 422]
✅ Draft ACCEPTED: 49544
✅ Draft ACCEPTED: 1
✅ Draft ACCEPTED: 553
✅ Draft ACCEPTED: 422
🔍 Match found at ngram_size 5: [49544, 1, 553, 422, 4284] -> drafts [41139, 64, 11, 330]
✅ Draft ACCEPTED: 41139
✅ Draft ACCEPTED: 64
✅ Draft ACCEPTED: 11
✅ Draft ACCEPTED: 330
🔍 Match found at ngram_size 5: [41139, 64, 11, 330, 8784] -> drafts [4615, 90914, 1, 553]
✅ Draft ACCEPTED: 4615
✅ Draft ACCEPTED: 90914
✅ Draft ACCEPTED: 1
✅ Draft ACCEPTED: 553
🔍 Match found at ngram_size 5: [4615, 90914, 1, 553, 576] -> drafts [10348, 303, 11, 330]
✅ Draft ACCEPTED: 10348
✅ Draft ACCEPTED: 303
✅ Draft ACCEPTED: 11
✅ Draft ACCEPTED: 330
🔍 Match found at ngram_size 5: [10348, 303, 11, 330, 28253] -> drafts [71118, 30919, 1, 553]
✅ Draft ACCEPTED: 71118
✅ Draft ACCEPTED: 30919
✅ Draft ACCEPTED: 1
✅ Draft ACCEPTED: 553
🔍 Match found at ngram_size 5: [71118, 30919, 1, 553, 13928] -> drafts [37370, 11, 330, 18284]
✅ Draft ACCEPTED: 37370
✅ Draft ACCEPTED: 11
✅ Draft ACCEPTED: 330
✅ Draft ACCEPTED: 18284
🔍 Match found at ngram_size 5: [37370, 11, 330, 18284, 13971] -> drafts [9536, 1, 553, 40478]
✅ Draft ACCEPTED: 9536
✅ Draft ACCEPTED: 1
✅ Draft ACCEPTED: 553
✅ Draft ACCEPTED: 40478
🔍 Match found at ngram_size 5: [9536, 1, 553, 40478, 38222] -> drafts [1599, 10482, 13, 32819]
✅ Draft ACCEPTED: 1599
✅ Draft ACCEPTED: 10482
✅ Draft ACCEPTED: 13
✅ Draft ACCEPTED: 32819
🔍 Match found at ngram_size 5: [1599, 10482, 13, 32819, 13255] -> drafts [70824, 11, 330, 3882]
✅ Draft ACCEPTED: 70824
✅ Draft ACCEPTED: 11
✅ Draft ACCEPTED: 330
✅ Draft ACCEPTED: 3882
🔍 Match found at ngram_size 5: [70824, 11, 330, 3882, 15965] -> drafts [1, 553, 386, 17801]
✅ Draft ACCEPTED: 1
✅ Draft ACCEPTED: 553
✅ Draft ACCEPTED: 386
✅ Draft ACCEPTED: 17801
🔍 Match found at ngram_size 5: [1, 553, 386, 17801, 70824] -> drafts [11, 330, 34, 2672]
✅ Draft ACCEPTED: 11
✅ Draft ACCEPTED: 330
✅ Draft ACCEPTED: 34
✅ Draft ACCEPTED: 2672
🔍 Match found at ngram_size 5: [11, 330, 34, 2672, 301] -> drafts [18836, 1, 553, 15118]
✅ Draft ACCEPTED: 18836
✅ Draft ACCEPTED: 1
✅ Draft ACCEPTED: 553
✅ Draft ACCEPTED: 15118
🔍 Match found at ngram_size 5: [18836, 1, 553, 15118, 53653] -> drafts [10482, 13, 422, 4284]
✅ Draft ACCEPTED: 10482
✅ Draft ACCEPTED: 13
✅ Draft ACCEPTED: 422
✅ Draft ACCEPTED: 4284
🔍 Match found at ngram_size 5: [10482, 13, 422, 4284, 41139] -> drafts [64, 11, 330, 2304]
✅ Draft ACCEPTED: 64
✅ Draft ACCEPTED: 11
✅ Draft ACCEPTED: 330
✅ Draft ACCEPTED: 2304
🔍 Match found at ngram_size 5: [64, 11, 330, 2304, 85] -> drafts [49544, 1, 553, 422]
✅ Draft ACCEPTED: 49544
✅ Draft ACCEPTED: 1
✅ Draft ACCEPTED: 553
✅ Draft ACCEPTED: 422
🔍 Match found at ngram_size 5: [49544, 1, 553, 422, 4284] -> drafts [41139, 64, 11, 330]
✅ Draft ACCEPTED: 41139
✅ Draft ACCEPTED: 64
✅ Draft ACCEPTED: 11
✅ Draft ACCEPTED: 330
🔍 Match found at ngram_size 5: [41139, 64, 11, 330, 8784] -> drafts [4615, 90914, 1, 553]
✅ Draft ACCEPTED: 4615
✅ Draft ACCEPTED: 90914
✅ Draft ACCEPTED: 1
✅ Draft ACCEPTED: 553
🔍 Match found at ngram_size 5: [4615, 90914, 1, 553, 576] -> drafts [10348, 303, 11, 330]
✅ Draft ACCEPTED: 10348
✅ Draft ACCEPTED: 303
✅ Draft ACCEPTED: 11
✅ Draft ACCEPTED: 330
🔍 Match found at ngram_size 5: [10348, 303, 11, 330, 28253] -> drafts [71118, 30919, 1, 553]
✅ Draft ACCEPTED: 71118
✅ Draft ACCEPTED: 30919
✅ Draft ACCEPTED: 1
✅ Draft ACCEPTED: 553
🔍 Match found at ngram_size 5: [71118, 30919, 1, 553, 13928] -> drafts [37370, 11, 330, 18284]
✅ Draft ACCEPTED: 37370
✅ Draft ACCEPTED: 11
✅ Draft ACCEPTED: 330
✅ Draft ACCEPTED: 18284
🔍 Match found at ngram_size 5: [37370, 11, 330, 18284, 13971] -> drafts [9536, 1, 553, 40478]
✅ Draft ACCEPTED: 9536
✅ Draft ACCEPTED: 1
✅ Draft ACCEPTED: 553
✅ Draft ACCEPTED: 40478
🔍 Match found at ngram_size 5: [9536, 1, 553, 40478, 38222] -> drafts [1599, 10482, 13, 32819]
✅ Draft ACCEPTED: 1599
✅ Draft ACCEPTED: 10482
✅ Draft ACCEPTED: 13
✅ Draft ACCEPTED: 32819
🔍 Match found at ngram_size 5: [1599, 10482, 13, 32819, 13255] -> drafts [70824, 11, 330, 3882]
✅ Draft ACCEPTED: 70824
✅ Draft ACCEPTED: 11
✅ Draft ACCEPTED: 330
✅ Draft ACCEPTED: 3882
🔍 Match found at ngram_size 5: [70824, 11, 330, 3882, 15965] -> drafts [1, 553, 386, 17801]
✅ Draft ACCEPTED: 1
✅ Draft ACCEPTED: 553
✅ Draft ACCEPTED: 386
✅ Draft ACCEPTED: 17801
🔍 Match found at ngram_size 5: [1, 553, 386, 17801, 70824] -> drafts [11, 330, 34, 2672]
✅ Draft ACCEPTED: 11
✅ Draft ACCEPTED: 330
✅ Draft ACCEPTED: 34
✅ Draft ACCEPTED: 2672
🔍 Match found at ngram_size 5: [11, 330, 34, 2672, 301] -> drafts [18836, 1, 553, 15118]
✅ Draft ACCEPTED: 18836
✅ Draft ACCEPTED: 1
✅ Draft ACCEPTED: 553
✅ Draft ACCEPTED: 15118
🔍 Match found at ngram_size 5: [18836, 1, 553, 15118, 53653] -> drafts [10482, 13, 422, 4284]
✅ Draft ACCEPTED: 10482
✅ Draft ACCEPTED: 13
✅ Draft ACCEPTED: 422
✅ Draft ACCEPTED: 4284
🔍 Match found at ngram_size 5: [10482, 13, 422, 4284, 41139] -> drafts [64, 11, 330, 2304]
✅ Draft ACCEPTED: 64
✅ Draft ACCEPTED: 11
✅ Draft ACCEPTED: 330
✅ Draft ACCEPTED: 2304
🔍 Match found at ngram_size 5: [64, 11, 330, 2304, 85] -> drafts [49544, 1, 553, 422]
✅ Draft ACCEPTED: 49544
✅ Draft ACCEPTED: 1
✅ Draft ACCEPTED: 553
✅ Draft ACCEPTED: 422
🔍 Match found at ngram_size 5: [49544, 1, 553, 422, 4284] -> drafts [41139, 64, 11, 330]
✅ Draft ACCEPTED: 41139
✅ Draft ACCEPTED: 64
✅ Draft ACCEPTED: 11
✅ Draft ACCEPTED: 330
🔍 Match found at ngram_size 5: [41139, 64, 11, 330, 8784] -> drafts [4615, 90914, 1, 553]
✅ Draft ACCEPTED: 4615
✅ Draft ACCEPTED: 90914
✅ Draft ACCEPTED: 1
✅ Draft ACCEPTED: 553
🔍 Match found at ngram_size 5: [4615, 90914, 1, 553, 576] -> drafts [10348, 303, 11, 330]
✅ Draft ACCEPTED: 10348
✅ Draft ACCEPTED: 303
✅ Draft ACCEPTED: 11
✅ Draft ACCEPTED: 330
🔍 Match found at ngram_size 5: [10348, 303, 11, 330, 28253] -> drafts [71118, 30919, 1, 553]
✅ Draft ACCEPTED: 71118
✅ Draft ACCEPTED: 30919
✅ Draft ACCEPTED: 1
✅ Draft ACCEPTED: 553
🔍 Match found at ngram_size 5: [71118, 30919, 1, 553, 13928] -> drafts [37370, 11, 330, 18284]
✅ Draft ACCEPTED: 37370
✅ Draft ACCEPTED: 11
✅ Draft ACCEPTED: 330
✅ Draft ACCEPTED: 18284
🔍 Match found at ngram_size 5: [37370, 11, 330, 18284, 13971] -> drafts [9536, 1, 553, 40478]
✅ Draft ACCEPTED: 9536
✅ Draft ACCEPTED: 1
✅ Draft ACCEPTED: 553
✅ Draft ACCEPTED: 40478
🔍 Match found at ngram_size 5: [9536, 1, 553, 40478, 38222] -> drafts [1599, 10482, 13, 32819]
✅ Draft ACCEPTED: 1599
✅ Draft ACCEPTED: 10482
✅ Draft ACCEPTED: 13
✅ Draft ACCEPTED: 32819
🔍 Match found at ngram_size 5: [1599, 10482, 13, 32819, 13255] -> drafts [70824, 11, 330, 3882]
✅ Draft ACCEPTED: 70824
✅ Draft ACCEPTED: 11
✅ Draft ACCEPTED: 330
✅ Draft ACCEPTED: 3882
🔍 Match found at ngram_size 5: [70824, 11, 330, 3882, 15965] -> drafts [1, 553, 386, 17801]
✅ Draft ACCEPTED: 1
✅ Draft ACCEPTED: 553
✅ Draft ACCEPTED: 386
✅ Draft ACCEPTED: 17801
🔍 Match found at ngram_size 5: [1, 553, 386, 17801, 70824] -> drafts [11, 330, 34, 2672]
✅ Draft ACCEPTED: 11
✅ Draft ACCEPTED: 330
✅ Draft ACCEPTED: 34
✅ Draft ACCEPTED: 2672
🔍 Match found at ngram_size 5: [11, 330, 34, 2672, 301] -> drafts [18836, 1, 553, 15118]
✅ Draft ACCEPTED: 18836
✅ Draft ACCEPTED: 1
✅ Draft ACCEPTED: 553
✅ Draft ACCEPTED: 15118
🔍 Match found at ngram_size 5: [18836, 1, 553, 15118, 53653] -> drafts [10482, 13, 422, 4284]
✅ Draft ACCEPTED: 10482
✅ Draft ACCEPTED: 13
✅ Draft ACCEPTED: 422
✅ Draft ACCEPTED: 4284
🔍 Match found at ngram_size 5: [10482, 13, 422, 4284, 41139] -> drafts [64, 11, 330, 2304]
✅ Draft ACCEPTED: 64
✅ Draft ACCEPTED: 11
✅ Draft ACCEPTED: 330
✅ Draft ACCEPTED: 2304
🔍 Match found at ngram_size 5: [64, 11, 330, 2304, 85] -> drafts [49544, 1, 553, 422]
✅ Draft ACCEPTED: 49544
✅ Draft ACCEPTED: 1
✅ Draft ACCEPTED: 553
✅ Draft ACCEPTED: 422
🔍 Match found at ngram_size 5: [49544, 1, 553, 422, 4284] -> drafts [41139, 64, 11, 330]
✅ Draft ACCEPTED: 41139
✅ Draft ACCEPTED: 64
✅ Draft ACCEPTED: 11
✅ Draft ACCEPTED: 330
🔍 Match found at ngram_size 5: [41139, 64, 11, 330, 8784] -> drafts [4615, 90914, 1, 553]
✅ Draft ACCEPTED: 4615
✅ Draft ACCEPTED: 90914
✅ Draft ACCEPTED: 1
✅ Draft ACCEPTED: 553
🔍 Match found at ngram_size 5: [4615, 90914, 1, 553, 576] -> drafts [10348, 303, 11, 330]
✅ Draft ACCEPTED: 10348
✅ Draft ACCEPTED: 303
✅ Draft ACCEPTED: 11
✅ Draft ACCEPTED: 330
🔍 Match found at ngram_size 5: [10348, 303, 11, 330, 28253] -> drafts [71118, 30919, 1, 553]
✅ Draft ACCEPTED: 71118
✅ Draft ACCEPTED: 30919
✅ Draft ACCEPTED: 1
✅ Draft ACCEPTED: 553
🔍 Match found at ngram_size 5: [71118, 30919, 1, 553, 13928] -> drafts [37370, 11, 330, 18284]
✅ Draft ACCEPTED: 37370
✅ Draft ACCEPTED: 11
✅ Draft ACCEPTED: 330
✅ Draft ACCEPTED: 18284
🔍 Match found at ngram_size 5: [37370, 11, 330, 18284, 13971] -> drafts [9536, 1, 553, 40478]
✅ Draft ACCEPTED: 9536
✅ Draft ACCEPTED: 1
✅ Draft ACCEPTED: 553
✅ Draft ACCEPTED: 40478
🔍 Match found at ngram_size 5: [9536, 1, 553, 40478, 38222] -> drafts [1599, 10482, 13, 32819]
✅ Draft ACCEPTED: 1599
✅ Draft ACCEPTED: 10482
✅ Draft ACCEPTED: 13
✅ Draft ACCEPTED: 32819
🔍 Match found at ngram_size 5: [1599, 10482, 13, 32819, 13255] -> drafts [70824, 11, 330, 3882]
✅ Draft ACCEPTED: 70824
✅ Draft ACCEPTED: 11
✅ Draft ACCEPTED: 330
✅ Draft ACCEPTED: 3882
🔍 Match found at ngram_size 5: [70824, 11, 330, 3882, 15965] -> drafts [1, 553, 386, 17801]
✅ Draft ACCEPTED: 1
✅ Draft ACCEPTED: 553
✅ Draft ACCEPTED: 386
✅ Draft ACCEPTED: 17801
🔍 Match found at ngram_size 5: [1, 553, 386, 17801, 70824] -> drafts [11, 330, 34, 2672]
✅ Draft ACCEPTED: 11
✅ Draft ACCEPTED: 330
✅ Draft ACCEPTED: 34
✅ Draft ACCEPTED: 2672
🔍 Match found at ngram_size 5: [11, 330, 34, 2672, 301] -> drafts [18836, 1, 553, 15118]
✅ Draft ACCEPTED: 18836
✅ Draft ACCEPTED: 1
✅ Draft ACCEPTED: 553
✅ Draft ACCEPTED: 15118
🔍 Match found at ngram_size 5: [18836, 1, 553, 15118, 53653] -> drafts [10482, 13, 422, 4284]
✅ Draft ACCEPTED: 10482
✅ Draft ACCEPTED: 13
✅ Draft ACCEPTED: 422
✅ Draft ACCEPTED: 4284
🔍 Match found at ngram_size 5: [10482, 13, 422, 4284, 41139] -> drafts [64, 11, 330, 2304]
✅ Draft ACCEPTED: 64
✅ Draft ACCEPTED: 11
✅ Draft ACCEPTED: 330
✅ Draft ACCEPTED: 2304
🔍 Match found at ngram_size 5: [64, 11, 330, 2304, 85] -> drafts [49544, 1, 553, 422]
✅ Draft ACCEPTED: 49544
✅ Draft ACCEPTED: 1
✅ Draft ACCEPTED: 553
✅ Draft ACCEPTED: 422
🔍 Match found at ngram_size 5: [49544, 1, 553, 422, 4284] -> drafts [41139, 64, 11, 330]
✅ Draft ACCEPTED: 41139
✅ Draft ACCEPTED: 64
✅ Draft ACCEPTED: 11
✅ Draft ACCEPTED: 330
🔍 Match found at ngram_size 5: [41139, 64, 11, 330, 8784] -> drafts [4615, 90914, 1, 553]
✅ Draft ACCEPTED: 4615
✅ Draft ACCEPTED: 90914
✅ Draft ACCEPTED: 1
✅ Draft ACCEPTED: 553
🔍 Match found at ngram_size 5: [4615, 90914, 1, 553, 576] -> drafts [10348, 303, 11, 330]
✅ Draft ACCEPTED: 10348
✅ Draft ACCEPTED: 303
✅ Draft ACCEPTED: 11
✅ Draft ACCEPTED: 330
🔍 Match found at ngram_size 5: [10348, 303, 11, 330, 28253] -> drafts [71118, 30919, 1, 553]
✅ Draft ACCEPTED: 71118
✅ Draft ACCEPTED: 30919
✅ Draft ACCEPTED: 1
✅ Draft ACCEPTED: 553
🔍 Match found at ngram_size 5: [71118, 30919, 1, 553, 13928] -> drafts [37370, 11, 330, 18284]
✅ Draft ACCEPTED: 37370
✅ Draft ACCEPTED: 11
✅ Draft ACCEPTED: 330
✅ Draft ACCEPTED: 18284
🔍 Match found at ngram_size 5: [37370, 11, 330, 18284, 13971] -> drafts [9536, 1, 553, 40478]
✅ Draft ACCEPTED: 9536
✅ Draft ACCEPTED: 1
✅ Draft ACCEPTED: 553
✅ Draft ACCEPTED: 40478
🔍 Match found at ngram_size 5: [9536, 1, 553, 40478, 38222] -> drafts [1599, 10482, 13, 32819]
✅ Draft ACCEPTED: 1599
✅ Draft ACCEPTED: 10482
✅ Draft ACCEPTED: 13
✅ Draft ACCEPTED: 32819

=== Lookahead Session: 1779811006 ===
🔍 Match found at ngram_size 3: [1909, 220, 20] -> drafts [15, 1429, 5411, 11674]
✅ Draft ACCEPTED: 15
✅ Draft ACCEPTED: 1429
✅ Draft ACCEPTED: 5411
✅ Draft ACCEPTED: 11674
🔍 Match found at ngram_size 3: [358, 1184, 311] -> drafts [37163, 1128, 330, 43248]
❌ Draft REJECTED: expected 37163, got 17188
🔍 Match found at ngram_size 3: [220, 20, 15] -> drafts [1429, 5411, 11674, 13]
✅ Draft ACCEPTED: 1429
✅ Draft ACCEPTED: 5411
✅ Draft ACCEPTED: 11674
❌ Draft REJECTED: expected 13, got 304
🔍 Match found at ngram_size 3: [220, 17, 15] -> drafts [16, 20, 476, 220]
✅ Draft ACCEPTED: 16
❌ Draft REJECTED: expected 20, got 21
🔍 Match found at ngram_size 3: [330, 43248, 1] -> drafts [3363, 1588, 13, 1084]
❌ Draft REJECTED: expected 3363, got 646
🔍 Match found at ngram_size 3: [16842, 5109, 11] -> drafts [3590, 3687, 33845, 11]
❌ Draft REJECTED: expected 3590, got 3800
🔍 Match found at ngram_size 3: [279, 1196, 2578] -> drafts [387, 22023, 311, 264]
✅ Draft ACCEPTED: 387
❌ Draft REJECTED: expected 22023, got 3330
🔍 Match found at ngram_size 3: [279, 1909, 220] -> drafts [20, 15, 1429, 5411]
✅ Draft ACCEPTED: 20
✅ Draft ACCEPTED: 15
❌ Draft REJECTED: expected 1429, got 369
🔍 Match found at ngram_size 3: [11674, 504, 5257] -> drafts [1635, 382, 40, 1265]
❌ Draft REJECTED: expected 1635, got 10793
🔍 Match found at ngram_size 3: [13, 4354, 11] -> drafts [279, 66193, 8007, 220]
✅ Draft ACCEPTED: 279
❌ Draft REJECTED: expected 66193, got 1196
🔍 Match found at ngram_size 3: [11, 279, 1196] -> drafts [6801, 264, 1140, 315]
❌ Draft REJECTED: expected 6801, got 3207
🔍 Match found at ngram_size 3: [279, 1196, 3207] -> drafts [944, 13837, 11, 358]
✅ Draft ACCEPTED: 944
✅ Draft ACCEPTED: 13837
❌ Draft REJECTED: expected 11, got 264
🔍 Match found at ngram_size 3: [13, 7281, 11] -> drafts [279, 7271, 315, 330]
✅ Draft ACCEPTED: 279
❌ Draft REJECTED: expected 7271, got 1140
🔍 Match found at ngram_size 3: [358, 646, 944] -> drafts [2615, 3887, 821, 476]
❌ Draft REJECTED: expected 2615, got 1779
🔍 Match found at ngram_size 3: [821, 11, 358] -> drafts [646, 1172, 3410, 264]
❌ Draft REJECTED: expected 646, got 3278
🔍 Match found at ngram_size 3: [22538, 382, 14190] -> drafts [11, 714, 358, 646]
✅ Draft ACCEPTED: 11
❌ Draft REJECTED: expected 714, got 279
🔍 Match found at ngram_size 3: [11, 279, 1196] -> drafts [3207, 944, 13837, 264]
❌ Draft REJECTED: expected 3207, got 2578
🔍 Match found at ngram_size 3: [279, 1196, 2578] -> drafts [387, 3330, 369, 11674]
❌ Draft REJECTED: expected 387, got 614
🔍 Match found at ngram_size 3: [13, 1752, 3110] -> drafts [11, 11674, 1075, 330]
✅ Draft ACCEPTED: 11
❌ Draft REJECTED: expected 11674, got 304
🔍 Match found at ngram_size 3: [25, 279, 1196] -> drafts [2578, 387, 3330, 369]
✅ Draft ACCEPTED: 2578
✅ Draft ACCEPTED: 387
❌ Draft REJECTED: expected 3330, got 22023
🔍 Match found at ngram_size 5: [279, 1196, 2578, 387, 22023] -> drafts [311, 264, 2155, 882]
✅ Draft ACCEPTED: 311
❌ Draft REJECTED: expected 264, got 11674
🔍 Match found at ngram_size 3: [279, 1909, 220] -> drafts [20, 15, 369, 264]
✅ Draft ACCEPTED: 20
✅ Draft ACCEPTED: 15
✅ Draft ACCEPTED: 369
❌ Draft REJECTED: expected 264, got 5248
🔍 Match found at ngram_size 3: [476, 614, 1012] -> drafts [304, 279, 1909, 220]
✅ Draft ACCEPTED: 304
✅ Draft ACCEPTED: 279
✅ Draft ACCEPTED: 1909
✅ Draft ACCEPTED: 220
🔍 Match found at ngram_size 3: [220, 16, 15] -> drafts [15, 374, 264, 5297]
❌ Draft REJECTED: expected 15, got 369
🔍 Match found at ngram_size 3: [15, 369, 264] -> drafts [1293, 882, 13, 1752]
✅ Draft ACCEPTED: 1293
✅ Draft ACCEPTED: 882
✅ Draft ACCEPTED: 13
❌ Draft REJECTED: expected 1752, got 2055
🔍 Match found at ngram_size 3: [13, 7281, 11] -> drafts [279, 1140, 1265, 387]
❌ Draft REJECTED: expected 279, got 12831
🔍 Match found at ngram_size 3: [11674, 429, 614] -> drafts [1012, 389, 279, 1909]
✅ Draft ACCEPTED: 1012
❌ Draft REJECTED: expected 389, got 9761
🔍 Match found at ngram_size 3: [13, 4354, 11] -> drafts [279, 1196, 3207, 944]
✅ Draft ACCEPTED: 279
✅ Draft ACCEPTED: 1196
✅ Draft ACCEPTED: 3207
✅ Draft ACCEPTED: 944
🔍 Match found at ngram_size 5: [279, 1196, 3207, 944, 13837] -> drafts [264, 17328, 11, 773]
❌ Draft REJECTED: expected 264, got 429
🔍 Match found at ngram_size 3: [11, 773, 358] -> drafts [3278, 1140, 264, 6514]
✅ Draft ACCEPTED: 3278
❌ Draft REJECTED: expected 1140, got 9214
🔍 Match found at ngram_size 3: [382, 40, 1265] -> drafts [1083, 2908, 2155, 35644]
✅ Draft ACCEPTED: 1083
❌ Draft REJECTED: expected 2908, got 1779
🔍 Match found at ngram_size 3: [11674, 429, 614] -> drafts [1012, 9761, 476, 1299]
❌ Draft REJECTED: expected 1012, got 18163
🔍 Match found at ngram_size 3: [3887, 821, 11] -> drafts [358, 3278, 614, 311]
✅ Draft ACCEPTED: 358
❌ Draft REJECTED: expected 3278, got 646
🔍 Match found at ngram_size 4: [821, 11, 358, 646] -> drafts [1172, 3410, 264, 57632]
❌ Draft REJECTED: expected 1172, got 944
🔍 Match found at ngram_size 3: [358, 646, 944] -> drafts [1779, 3887, 821, 11]
❌ Draft REJECTED: expected 1779, got 7683
🔍 Match found at ngram_size 3: [264, 1140, 315] -> drafts [279, 1909, 220, 20]
❌ Draft REJECTED: expected 279, got 11674
🔍 Match found at ngram_size 3: [11674, 429, 614] -> drafts [18163, 5089, 22538, 11]
❌ Draft REJECTED: expected 18163, got 1012
🔍 Match found at ngram_size 4: [11674, 429, 614, 1012] -> drafts [9761, 476, 1299, 3286]
❌ Draft REJECTED: expected 9761, got 389
🔍 Match found at ngram_size 5: [11674, 429, 614, 1012, 389] -> drafts [279, 1909, 220, 20]
✅ Draft ACCEPTED: 279
❌ Draft REJECTED: expected 1909, got 26131
🔍 Match found at ngram_size 3: [13, 1988, 2041] -> drafts [1931, 7246, 821, 11]
❌ Draft REJECTED: expected 1931, got 3151
🔍 Match found at ngram_size 3: [11, 358, 646] -> drafts [944, 7683, 13, 10696]
✅ Draft ACCEPTED: 944
❌ Draft REJECTED: expected 7683, got 50956
🔍 Match found at ngram_size 3: [1931, 7246, 821] -> drafts [11, 358, 646, 1172]
✅ Draft ACCEPTED: 11
✅ Draft ACCEPTED: 358
✅ Draft ACCEPTED: 646
❌ Draft REJECTED: expected 1172, got 3410
🔍 Match found at ngram_size 3: [3410, 264, 1140] -> drafts [3118, 389, 13656, 22538]
❌ Draft REJECTED: expected 3118, got 315
🔍 Match found at ngram_size 3: [264, 1140, 315] -> drafts [11674, 429, 614, 1012]
✅ Draft ACCEPTED: 11674
✅ Draft ACCEPTED: 429
✅ Draft ACCEPTED: 614
✅ Draft ACCEPTED: 1012
🔍 Match found at ngram_size 3: [504, 279, 220] -> drafts [23, 15, 82, 476]
✅ Draft ACCEPTED: 23
✅ Draft ACCEPTED: 15
✅ Draft ACCEPTED: 82
❌ Draft REJECTED: expected 476, got 323
🔍 Match found at ngram_size 3: [220, 24, 15] -> drafts [82, 429, 614, 18401]
✅ Draft ACCEPTED: 82
❌ Draft REJECTED: expected 429, got 323
🔍 Match found at ngram_size 3: [15, 82, 323] -> drafts [7218, 1526, 279, 220]
❌ Draft REJECTED: expected 7218, got 220
🔍 Match found at ngram_size 3: [220, 17, 15] -> drafts [16, 21, 11, 11649]
❌ Draft REJECTED: expected 16, got 15
🔍 Match found at ngram_size 3: [279, 1196, 2578] -> drafts [387, 22023, 311, 11674]
❌ Draft REJECTED: expected 387, got 1366
🔍 Match found at ngram_size 3: [11, 773, 358] -> drafts [3278, 9214, 311, 279]
❌ Draft REJECTED: expected 3278, got 1265
🔍 Match found at ngram_size 3: [358, 1265, 2908] -> drafts [264, 4185, 18266, 11]
❌ Draft REJECTED: expected 264, got 279
🔍 Match found at ngram_size 3: [220, 16, 15] -> drafts [369, 264, 1293, 882]
❌ Draft REJECTED: expected 369, got 12
🔍 Match found at ngram_size 3: [2578, 387, 3330] -> drafts [369, 11674, 429, 525]
✅ Draft ACCEPTED: 369
✅ Draft ACCEPTED: 11674
✅ Draft ACCEPTED: 429
❌ Draft REJECTED: expected 525, got 614
🔍 Match found at ngram_size 3: [11674, 429, 614] -> drafts [1012, 20699, 5411, 916]
✅ Draft ACCEPTED: 1012
❌ Draft REJECTED: expected 20699, got 304
🔍 Match found at ngram_size 3: [614, 1012, 304] -> drafts [279, 1909, 220, 16]
✅ Draft ACCEPTED: 279
✅ Draft ACCEPTED: 1909
✅ Draft ACCEPTED: 220
❌ Draft REJECTED: expected 16, got 20
🔍 Match found at ngram_size 5: [304, 279, 1909, 220, 20] -> drafts [15, 369, 264, 1293]
✅ Draft ACCEPTED: 15
✅ Draft ACCEPTED: 369
✅ Draft ACCEPTED: 264
✅ Draft ACCEPTED: 1293
🔍 Match found at ngram_size 5: [15, 369, 264, 1293, 882] -> drafts [13, 2055, 2670, 11674]
❌ Draft REJECTED: expected 13, got 11
🔍 Match found at ngram_size 3: [11, 279, 1196] -> drafts [3207, 944, 13837, 429]
❌ Draft REJECTED: expected 3207, got 2578
🔍 Match found at ngram_size 4: [11, 279, 1196, 2578] -> drafts [614, 264, 2155, 7271]
❌ Draft REJECTED: expected 614, got 387
🔍 Match found at ngram_size 4: [279, 1196, 2578, 387] -> drafts [22023, 311, 11674, 429]
✅ Draft ACCEPTED: 22023
✅ Draft ACCEPTED: 311
❌ Draft REJECTED: expected 11674, got 264
🔍 Match found at ngram_size 5: [2578, 387, 22023, 311, 264] -> drafts [2155, 882, 4034, 476]
❌ Draft REJECTED: expected 2155, got 3151
🔍 Match found at ngram_size 3: [11, 279, 1196] -> drafts [2578, 387, 22023, 311]
❌ Draft REJECTED: expected 2578, got 3207
🔍 Match found at ngram_size 4: [11, 279, 1196, 3207] -> drafts [944, 13837, 429, 11]
✅ Draft ACCEPTED: 944
✅ Draft ACCEPTED: 13837
❌ Draft REJECTED: expected 429, got 13
🔍 Match found at ngram_size 3: [13, 2055, 358] -> drafts [1184, 311, 17188, 389]
❌ Draft REJECTED: expected 1184, got 3278
🔍 Match found at ngram_size 3: [11674, 429, 614] -> drafts [1012, 304, 279, 1909]
❌ Draft REJECTED: expected 1012, got 1030
🔍 Match found at ngram_size 3: [13, 1752, 3110] -> drafts [11, 304, 1045, 13604]
✅ Draft ACCEPTED: 11
❌ Draft REJECTED: expected 304, got 330
🔍 Match found at ngram_size 3: [11, 330, 18665] -> drafts [26348, 1, 553, 51110]
❌ Draft REJECTED: expected 26348, got 39384
🔍 Match found at ngram_size 3: [11, 330, 95554] -> drafts [258, 6, 389, 264]
✅ Draft ACCEPTED: 258
✅ Draft ACCEPTED: 6
✅ Draft ACCEPTED: 389
✅ Draft ACCEPTED: 264
🔍 Match found at ngram_size 5: [258, 6, 389, 264, 54960] -> drafts [1, 553, 13481, 619]
✅ Draft ACCEPTED: 1
✅ Draft ACCEPTED: 553
✅ Draft ACCEPTED: 13481
✅ Draft ACCEPTED: 619
🔍 Match found at ngram_size 5: [1, 553, 13481, 619, 45088] -> drafts [11, 330, 10673, 6436]
✅ Draft ACCEPTED: 11
✅ Draft ACCEPTED: 330
❌ Draft REJECTED: expected 10673, got 52
🔍 Match found at ngram_size 3: [51110, 21048, 11] -> drafts [330, 6713, 944, 14215]
✅ Draft ACCEPTED: 330
❌ Draft REJECTED: expected 6713, got 4896
🔍 Match found at ngram_size 3: [330, 4896, 44951] -> drafts [6357, 1, 553, 33197]
✅ Draft ACCEPTED: 6357
✅ Draft ACCEPTED: 1
✅ Draft ACCEPTED: 553
✅ Draft ACCEPTED: 33197
🔍 Match found at ngram_size 5: [6357, 1, 553, 33197, 434] -> drafts [2382, 72, 323, 53446]
✅ Draft ACCEPTED: 2382
✅ Draft ACCEPTED: 72
❌ Draft REJECTED: expected 323, got 10482
🔍 Match found at ngram_size 3: [11, 330, 2016] -> drafts [726, 1084, 4114, 1]
✅ Draft ACCEPTED: 726
✅ Draft ACCEPTED: 1084
✅ Draft ACCEPTED: 4114
✅ Draft ACCEPTED: 1
🔍 Match found at ngram_size 5: [726, 1084, 4114, 1, 553] -> drafts [16439, 23670, 11, 323]
✅ Draft ACCEPTED: 16439
✅ Draft ACCEPTED: 23670
✅ Draft ACCEPTED: 11
❌ Draft REJECTED: expected 323, got 330
🔍 Match found at ngram_size 3: [1, 553, 16439] -> drafts [23670, 11, 330, 54]
✅ Draft ACCEPTED: 23670
✅ Draft ACCEPTED: 11
✅ Draft ACCEPTED: 330
❌ Draft REJECTED: expected 54, got 6713
🔍 Match found at ngram_size 3: [11, 330, 6713] -> drafts [944, 14215, 279, 73558]
✅ Draft ACCEPTED: 944
✅ Draft ACCEPTED: 14215
✅ Draft ACCEPTED: 279
✅ Draft ACCEPTED: 73558
🔍 Match found at ngram_size 5: [944, 14215, 279, 73558, 8958] -> drafts [553, 22467, 44148, 62110]
✅ Draft ACCEPTED: 553
✅ Draft ACCEPTED: 22467
✅ Draft ACCEPTED: 44148
✅ Draft ACCEPTED: 62110
🔍 Match found at ngram_size 5: [553, 22467, 44148, 62110, 11] -> drafts [330, 2016, 726, 1084]
✅ Draft ACCEPTED: 330
❌ Draft REJECTED: expected 2016, got 4923
🔍 Match found at ngram_size 3: [1, 553, 576] -> drafts [10348, 303, 11, 330]
✅ Draft ACCEPTED: 10348
✅ Draft ACCEPTED: 303
✅ Draft ACCEPTED: 11
✅ Draft ACCEPTED: 330
🔍 Match found at ngram_size 3: [422, 4284, 41139] -> drafts [64, 11, 330, 8784]
✅ Draft ACCEPTED: 64
✅ Draft ACCEPTED: 11
✅ Draft ACCEPTED: 330
❌ Draft REJECTED: expected 8784, got 3882
🔍 Match found at ngram_size 3: [70824, 11, 330] -> drafts [2304, 85, 49544, 1]
❌ Draft REJECTED: expected 2304, got 39
🔍 Match found at ngram_size 3: [11, 330, 3882] -> drafts [15965, 1, 553, 386]
✅ Draft ACCEPTED: 15965
✅ Draft ACCEPTED: 1
✅ Draft ACCEPTED: 553
✅ Draft ACCEPTED: 386
🔍 Match found at ngram_size 5: [15965, 1, 553, 386, 17801] -> drafts [70824, 11, 330, 39]
✅ Draft ACCEPTED: 70824
✅ Draft ACCEPTED: 11
✅ Draft ACCEPTED: 330
❌ Draft REJECTED: expected 39, got 34
🔍 Match found at ngram_size 3: [11, 330, 34] -> drafts [2672, 301, 18836, 1]
✅ Draft ACCEPTED: 2672
✅ Draft ACCEPTED: 301
✅ Draft ACCEPTED: 18836
✅ Draft ACCEPTED: 1
🔍 Match found at ngram_size 5: [2672, 301, 18836, 1, 553] -> drafts [15118, 53653, 10482, 13]
✅ Draft ACCEPTED: 15118
✅ Draft ACCEPTED: 53653
✅ Draft ACCEPTED: 10482
✅ Draft ACCEPTED: 13
🔍 Match found at ngram_size 5: [15118, 53653, 10482, 13, 422] -> drafts [4284, 41139, 64, 11]
✅ Draft ACCEPTED: 4284
✅ Draft ACCEPTED: 41139
✅ Draft ACCEPTED: 64
✅ Draft ACCEPTED: 11
🔍 Match found at ngram_size 5: [4284, 41139, 64, 11, 330] -> drafts [3882, 15965, 1, 553]
❌ Draft REJECTED: expected 3882, got 2304
🔍 Match found at ngram_size 3: [11, 330, 2304] -> drafts [85, 49544, 1, 553]
✅ Draft ACCEPTED: 85
✅ Draft ACCEPTED: 49544
✅ Draft ACCEPTED: 1
✅ Draft ACCEPTED: 553
🔍 Match found at ngram_size 5: [85, 49544, 1, 553, 422] -> drafts [4284, 41139, 64, 11]
✅ Draft ACCEPTED: 4284
✅ Draft ACCEPTED: 41139
✅ Draft ACCEPTED: 64
✅ Draft ACCEPTED: 11
🔍 Match found at ngram_size 5: [4284, 41139, 64, 11, 330] -> drafts [2304, 85, 49544, 1]
❌ Draft REJECTED: expected 2304, got 8784
🔍 Match found at ngram_size 5: [41139, 64, 11, 330, 8784] -> drafts [4615, 90914, 1, 553]
✅ Draft ACCEPTED: 4615
✅ Draft ACCEPTED: 90914
✅ Draft ACCEPTED: 1
✅ Draft ACCEPTED: 553
🔍 Match found at ngram_size 5: [4615, 90914, 1, 553, 576] -> drafts [10348, 303, 11, 330]
✅ Draft ACCEPTED: 10348
✅ Draft ACCEPTED: 303
✅ Draft ACCEPTED: 11
✅ Draft ACCEPTED: 330
🔍 Match found at ngram_size 5: [10348, 303, 11, 330, 28253] -> drafts [71118, 30919, 1, 553]
✅ Draft ACCEPTED: 71118
✅ Draft ACCEPTED: 30919
✅ Draft ACCEPTED: 1
✅ Draft ACCEPTED: 553
🔍 Match found at ngram_size 5: [71118, 30919, 1, 553, 13928] -> drafts [37370, 11, 330, 18284]
✅ Draft ACCEPTED: 37370
✅ Draft ACCEPTED: 11
✅ Draft ACCEPTED: 330
✅ Draft ACCEPTED: 18284
🔍 Match found at ngram_size 5: [37370, 11, 330, 18284, 13971] -> drafts [9536, 1, 553, 40478]
✅ Draft ACCEPTED: 9536
✅ Draft ACCEPTED: 1
✅ Draft ACCEPTED: 553
✅ Draft ACCEPTED: 40478
🔍 Match found at ngram_size 5: [9536, 1, 553, 40478, 38222] -> drafts [1599, 10482, 13, 32819]
✅ Draft ACCEPTED: 1599
✅ Draft ACCEPTED: 10482
✅ Draft ACCEPTED: 13
✅ Draft ACCEPTED: 32819
🔍 Match found at ngram_size 5: [1599, 10482, 13, 32819, 13255] -> drafts [70824, 11, 330, 2304]
✅ Draft ACCEPTED: 70824
✅ Draft ACCEPTED: 11
✅ Draft ACCEPTED: 330
❌ Draft REJECTED: expected 2304, got 3882
🔍 Match found at ngram_size 3: [11, 330, 3882] -> drafts [15965, 1, 553, 386]
✅ Draft ACCEPTED: 15965
✅ Draft ACCEPTED: 1
✅ Draft ACCEPTED: 553
✅ Draft ACCEPTED: 386
🔍 Match found at ngram_size 5: [15965, 1, 553, 386, 17801] -> drafts [70824, 11, 330, 34]
✅ Draft ACCEPTED: 70824
✅ Draft ACCEPTED: 11
✅ Draft ACCEPTED: 330
✅ Draft ACCEPTED: 34
🔍 Match found at ngram_size 5: [70824, 11, 330, 34, 2672] -> drafts [301, 18836, 1, 553]
✅ Draft ACCEPTED: 301
✅ Draft ACCEPTED: 18836
✅ Draft ACCEPTED: 1
✅ Draft ACCEPTED: 553
🔍 Match found at ngram_size 5: [301, 18836, 1, 553, 15118] -> drafts [53653, 10482, 13, 422]
✅ Draft ACCEPTED: 53653
✅ Draft ACCEPTED: 10482
✅ Draft ACCEPTED: 13
✅ Draft ACCEPTED: 422
🔍 Match found at ngram_size 5: [53653, 10482, 13, 422, 4284] -> drafts [41139, 64, 11, 330]
✅ Draft ACCEPTED: 41139
✅ Draft ACCEPTED: 64
✅ Draft ACCEPTED: 11
✅ Draft ACCEPTED: 330
🔍 Match found at ngram_size 5: [41139, 64, 11, 330, 2304] -> drafts [85, 49544, 1, 553]
✅ Draft ACCEPTED: 85
✅ Draft ACCEPTED: 49544
✅ Draft ACCEPTED: 1
✅ Draft ACCEPTED: 553
🔍 Match found at ngram_size 5: [85, 49544, 1, 553, 422] -> drafts [4284, 41139, 64, 11]
✅ Draft ACCEPTED: 4284
✅ Draft ACCEPTED: 41139
✅ Draft ACCEPTED: 64
✅ Draft ACCEPTED: 11
🔍 Match found at ngram_size 5: [4284, 41139, 64, 11, 330] -> drafts [2304, 85, 49544, 1]
❌ Draft REJECTED: expected 2304, got 8784
🔍 Match found at ngram_size 5: [41139, 64, 11, 330, 8784] -> drafts [4615, 90914, 1, 553]
✅ Draft ACCEPTED: 4615
✅ Draft ACCEPTED: 90914
✅ Draft ACCEPTED: 1
✅ Draft ACCEPTED: 553
🔍 Match found at ngram_size 5: [4615, 90914, 1, 553, 576] -> drafts [10348, 303, 11, 330]
✅ Draft ACCEPTED: 10348
✅ Draft ACCEPTED: 303
✅ Draft ACCEPTED: 11
✅ Draft ACCEPTED: 330
🔍 Match found at ngram_size 5: [10348, 303, 11, 330, 28253] -> drafts [71118, 30919, 1, 553]
✅ Draft ACCEPTED: 71118
✅ Draft ACCEPTED: 30919
✅ Draft ACCEPTED: 1
✅ Draft ACCEPTED: 553
🔍 Match found at ngram_size 5: [71118, 30919, 1, 553, 13928] -> drafts [37370, 11, 330, 18284]
✅ Draft ACCEPTED: 37370
✅ Draft ACCEPTED: 11
✅ Draft ACCEPTED: 330
✅ Draft ACCEPTED: 18284
🔍 Match found at ngram_size 5: [37370, 11, 330, 18284, 13971] -> drafts [9536, 1, 553, 40478]
✅ Draft ACCEPTED: 9536
✅ Draft ACCEPTED: 1
✅ Draft ACCEPTED: 553
✅ Draft ACCEPTED: 40478
🔍 Match found at ngram_size 5: [9536, 1, 553, 40478, 38222] -> drafts [1599, 10482, 13, 32819]
✅ Draft ACCEPTED: 1599
✅ Draft ACCEPTED: 10482
✅ Draft ACCEPTED: 13
✅ Draft ACCEPTED: 32819
🔍 Match found at ngram_size 5: [1599, 10482, 13, 32819, 13255] -> drafts [70824, 11, 330, 3882]
✅ Draft ACCEPTED: 70824
✅ Draft ACCEPTED: 11
✅ Draft ACCEPTED: 330
✅ Draft ACCEPTED: 3882
🔍 Match found at ngram_size 5: [70824, 11, 330, 3882, 15965] -> drafts [1, 553, 386, 17801]
✅ Draft ACCEPTED: 1
✅ Draft ACCEPTED: 553
✅ Draft ACCEPTED: 386
✅ Draft ACCEPTED: 17801
🔍 Match found at ngram_size 5: [1, 553, 386, 17801, 70824] -> drafts [11, 330, 34, 2672]
✅ Draft ACCEPTED: 11
✅ Draft ACCEPTED: 330
✅ Draft ACCEPTED: 34
✅ Draft ACCEPTED: 2672
🔍 Match found at ngram_size 5: [11, 330, 34, 2672, 301] -> drafts [18836, 1, 553, 15118]
✅ Draft ACCEPTED: 18836
✅ Draft ACCEPTED: 1
✅ Draft ACCEPTED: 553
✅ Draft ACCEPTED: 15118
🔍 Match found at ngram_size 5: [18836, 1, 553, 15118, 53653] -> drafts [10482, 13, 422, 4284]
✅ Draft ACCEPTED: 10482
✅ Draft ACCEPTED: 13
✅ Draft ACCEPTED: 422
✅ Draft ACCEPTED: 4284
🔍 Match found at ngram_size 5: [10482, 13, 422, 4284, 41139] -> drafts [64, 11, 330, 2304]
✅ Draft ACCEPTED: 64
✅ Draft ACCEPTED: 11
✅ Draft ACCEPTED: 330
✅ Draft ACCEPTED: 2304
🔍 Match found at ngram_size 5: [64, 11, 330, 2304, 85] -> drafts [49544, 1, 553, 422]
✅ Draft ACCEPTED: 49544
✅ Draft ACCEPTED: 1
✅ Draft ACCEPTED: 553
✅ Draft ACCEPTED: 422
🔍 Match found at ngram_size 5: [49544, 1, 553, 422, 4284] -> drafts [41139, 64, 11, 330]
✅ Draft ACCEPTED: 41139
✅ Draft ACCEPTED: 64
✅ Draft ACCEPTED: 11
✅ Draft ACCEPTED: 330
🔍 Match found at ngram_size 5: [41139, 64, 11, 330, 8784] -> drafts [4615, 90914, 1, 553]
✅ Draft ACCEPTED: 4615
✅ Draft ACCEPTED: 90914
✅ Draft ACCEPTED: 1
✅ Draft ACCEPTED: 553
🔍 Match found at ngram_size 5: [4615, 90914, 1, 553, 576] -> drafts [10348, 303, 11, 330]
✅ Draft ACCEPTED: 10348
✅ Draft ACCEPTED: 303
✅ Draft ACCEPTED: 11
✅ Draft ACCEPTED: 330
🔍 Match found at ngram_size 5: [10348, 303, 11, 330, 28253] -> drafts [71118, 30919, 1, 553]
✅ Draft ACCEPTED: 71118
✅ Draft ACCEPTED: 30919
✅ Draft ACCEPTED: 1
✅ Draft ACCEPTED: 553
🔍 Match found at ngram_size 5: [71118, 30919, 1, 553, 13928] -> drafts [37370, 11, 330, 18284]
✅ Draft ACCEPTED: 37370
✅ Draft ACCEPTED: 11
✅ Draft ACCEPTED: 330
✅ Draft ACCEPTED: 18284
🔍 Match found at ngram_size 5: [37370, 11, 330, 18284, 13971] -> drafts [9536, 1, 553, 40478]
✅ Draft ACCEPTED: 9536
✅ Draft ACCEPTED: 1
✅ Draft ACCEPTED: 553
✅ Draft ACCEPTED: 40478
🔍 Match found at ngram_size 5: [9536, 1, 553, 40478, 38222] -> drafts [1599, 10482, 13, 32819]
✅ Draft ACCEPTED: 1599
✅ Draft ACCEPTED: 10482
✅ Draft ACCEPTED: 13
✅ Draft ACCEPTED: 32819
🔍 Match found at ngram_size 5: [1599, 10482, 13, 32819, 13255] -> drafts [70824, 11, 330, 3882]
✅ Draft ACCEPTED: 70824
✅ Draft ACCEPTED: 11
✅ Draft ACCEPTED: 330
✅ Draft ACCEPTED: 3882
🔍 Match found at ngram_size 5: [70824, 11, 330, 3882, 15965] -> drafts [1, 553, 386, 17801]
✅ Draft ACCEPTED: 1
✅ Draft ACCEPTED: 553
✅ Draft ACCEPTED: 386
✅ Draft ACCEPTED: 17801
🔍 Match found at ngram_size 5: [1, 553, 386, 17801, 70824] -> drafts [11, 330, 34, 2672]
✅ Draft ACCEPTED: 11
✅ Draft ACCEPTED: 330
✅ Draft ACCEPTED: 34
✅ Draft ACCEPTED: 2672
🔍 Match found at ngram_size 5: [11, 330, 34, 2672, 301] -> drafts [18836, 1, 553, 15118]
✅ Draft ACCEPTED: 18836
✅ Draft ACCEPTED: 1
✅ Draft ACCEPTED: 553
✅ Draft ACCEPTED: 15118
🔍 Match found at ngram_size 5: [18836, 1, 553, 15118, 53653] -> drafts [10482, 13, 422, 4284]
✅ Draft ACCEPTED: 10482
✅ Draft ACCEPTED: 13
✅ Draft ACCEPTED: 422
✅ Draft ACCEPTED: 4284
🔍 Match found at ngram_size 5: [10482, 13, 422, 4284, 41139] -> drafts [64, 11, 330, 2304]
✅ Draft ACCEPTED: 64
✅ Draft ACCEPTED: 11
✅ Draft ACCEPTED: 330
✅ Draft ACCEPTED: 2304
🔍 Match found at ngram_size 5: [64, 11, 330, 2304, 85] -> drafts [49544, 1, 553, 422]
✅ Draft ACCEPTED: 49544
✅ Draft ACCEPTED: 1
✅ Draft ACCEPTED: 553
✅ Draft ACCEPTED: 422
🔍 Match found at ngram_size 5: [49544, 1, 553, 422, 4284] -> drafts [41139, 64, 11, 330]
✅ Draft ACCEPTED: 41139
✅ Draft ACCEPTED: 64
✅ Draft ACCEPTED: 11
✅ Draft ACCEPTED: 330
🔍 Match found at ngram_size 5: [41139, 64, 11, 330, 8784] -> drafts [4615, 90914, 1, 553]
✅ Draft ACCEPTED: 4615
✅ Draft ACCEPTED: 90914
✅ Draft ACCEPTED: 1
✅ Draft ACCEPTED: 553
🔍 Match found at ngram_size 5: [4615, 90914, 1, 553, 576] -> drafts [10348, 303, 11, 330]
✅ Draft ACCEPTED: 10348
✅ Draft ACCEPTED: 303
✅ Draft ACCEPTED: 11
✅ Draft ACCEPTED: 330
🔍 Match found at ngram_size 5: [10348, 303, 11, 330, 28253] -> drafts [71118, 30919, 1, 553]
✅ Draft ACCEPTED: 71118
✅ Draft ACCEPTED: 30919
✅ Draft ACCEPTED: 1
✅ Draft ACCEPTED: 553
🔍 Match found at ngram_size 5: [71118, 30919, 1, 553, 13928] -> drafts [37370, 11, 330, 18284]
✅ Draft ACCEPTED: 37370
✅ Draft ACCEPTED: 11
✅ Draft ACCEPTED: 330
✅ Draft ACCEPTED: 18284
🔍 Match found at ngram_size 5: [37370, 11, 330, 18284, 13971] -> drafts [9536, 1, 553, 40478]
✅ Draft ACCEPTED: 9536
✅ Draft ACCEPTED: 1
✅ Draft ACCEPTED: 553
✅ Draft ACCEPTED: 40478
🔍 Match found at ngram_size 5: [9536, 1, 553, 40478, 38222] -> drafts [1599, 10482, 13, 32819]
✅ Draft ACCEPTED: 1599
✅ Draft ACCEPTED: 10482
✅ Draft ACCEPTED: 13
✅ Draft ACCEPTED: 32819
🔍 Match found at ngram_size 5: [1599, 10482, 13, 32819, 13255] -> drafts [70824, 11, 330, 3882]
✅ Draft ACCEPTED: 70824
✅ Draft ACCEPTED: 11
✅ Draft ACCEPTED: 330
✅ Draft ACCEPTED: 3882
🔍 Match found at ngram_size 5: [70824, 11, 330, 3882, 15965] -> drafts [1, 553, 386, 17801]
✅ Draft ACCEPTED: 1
✅ Draft ACCEPTED: 553
✅ Draft ACCEPTED: 386
✅ Draft ACCEPTED: 17801
🔍 Match found at ngram_size 5: [1, 553, 386, 17801, 70824] -> drafts [11, 330, 34, 2672]
✅ Draft ACCEPTED: 11
✅ Draft ACCEPTED: 330
✅ Draft ACCEPTED: 34
✅ Draft ACCEPTED: 2672
🔍 Match found at ngram_size 5: [11, 330, 34, 2672, 301] -> drafts [18836, 1, 553, 15118]
✅ Draft ACCEPTED: 18836
✅ Draft ACCEPTED: 1
✅ Draft ACCEPTED: 553
✅ Draft ACCEPTED: 15118
🔍 Match found at ngram_size 5: [18836, 1, 553, 15118, 53653] -> drafts [10482, 13, 422, 4284]
✅ Draft ACCEPTED: 10482
✅ Draft ACCEPTED: 13
✅ Draft ACCEPTED: 422
✅ Draft ACCEPTED: 4284
🔍 Match found at ngram_size 5: [10482, 13, 422, 4284, 41139] -> drafts [64, 11, 330, 2304]
✅ Draft ACCEPTED: 64
✅ Draft ACCEPTED: 11
✅ Draft ACCEPTED: 330
✅ Draft ACCEPTED: 2304
🔍 Match found at ngram_size 5: [64, 11, 330, 2304, 85] -> drafts [49544, 1, 553, 422]
✅ Draft ACCEPTED: 49544
✅ Draft ACCEPTED: 1
✅ Draft ACCEPTED: 553
✅ Draft ACCEPTED: 422
🔍 Match found at ngram_size 5: [49544, 1, 553, 422, 4284] -> drafts [41139, 64, 11, 330]
✅ Draft ACCEPTED: 41139
✅ Draft ACCEPTED: 64
✅ Draft ACCEPTED: 11
✅ Draft ACCEPTED: 330
🔍 Match found at ngram_size 5: [41139, 64, 11, 330, 8784] -> drafts [4615, 90914, 1, 553]
✅ Draft ACCEPTED: 4615
✅ Draft ACCEPTED: 90914
✅ Draft ACCEPTED: 1
✅ Draft ACCEPTED: 553
🔍 Match found at ngram_size 5: [4615, 90914, 1, 553, 576] -> drafts [10348, 303, 11, 330]
✅ Draft ACCEPTED: 10348
✅ Draft ACCEPTED: 303
✅ Draft ACCEPTED: 11
✅ Draft ACCEPTED: 330
🔍 Match found at ngram_size 5: [10348, 303, 11, 330, 28253] -> drafts [71118, 30919, 1, 553]
✅ Draft ACCEPTED: 71118
✅ Draft ACCEPTED: 30919
✅ Draft ACCEPTED: 1
✅ Draft ACCEPTED: 553
🔍 Match found at ngram_size 5: [71118, 30919, 1, 553, 13928] -> drafts [37370, 11, 330, 18284]
✅ Draft ACCEPTED: 37370
✅ Draft ACCEPTED: 11
✅ Draft ACCEPTED: 330
✅ Draft ACCEPTED: 18284
🔍 Match found at ngram_size 5: [37370, 11, 330, 18284, 13971] -> drafts [9536, 1, 553, 40478]
✅ Draft ACCEPTED: 9536
✅ Draft ACCEPTED: 1
✅ Draft ACCEPTED: 553
✅ Draft ACCEPTED: 40478
🔍 Match found at ngram_size 5: [9536, 1, 553, 40478, 38222] -> drafts [1599, 10482, 13, 32819]
✅ Draft ACCEPTED: 1599
✅ Draft ACCEPTED: 10482
✅ Draft ACCEPTED: 13
✅ Draft ACCEPTED: 32819
🔍 Match found at ngram_size 5: [1599, 10482, 13, 32819, 13255] -> drafts [70824, 11, 330, 3882]
✅ Draft ACCEPTED: 70824
✅ Draft ACCEPTED: 11
✅ Draft ACCEPTED: 330
✅ Draft ACCEPTED: 3882
🔍 Match found at ngram_size 5: [70824, 11, 330, 3882, 15965] -> drafts [1, 553, 386, 17801]
✅ Draft ACCEPTED: 1
✅ Draft ACCEPTED: 553
✅ Draft ACCEPTED: 386
✅ Draft ACCEPTED: 17801
🔍 Match found at ngram_size 5: [1, 553, 386, 17801, 70824] -> drafts [11, 330, 34, 2672]
✅ Draft ACCEPTED: 11
✅ Draft ACCEPTED: 330
✅ Draft ACCEPTED: 34
✅ Draft ACCEPTED: 2672
🔍 Match found at ngram_size 5: [11, 330, 34, 2672, 301] -> drafts [18836, 1, 553, 15118]
✅ Draft ACCEPTED: 18836
✅ Draft ACCEPTED: 1
✅ Draft ACCEPTED: 553
✅ Draft ACCEPTED: 15118
🔍 Match found at ngram_size 5: [18836, 1, 553, 15118, 53653] -> drafts [10482, 13, 422, 4284]
✅ Draft ACCEPTED: 10482
✅ Draft ACCEPTED: 13
✅ Draft ACCEPTED: 422
✅ Draft ACCEPTED: 4284
🔍 Match found at ngram_size 5: [10482, 13, 422, 4284, 41139] -> drafts [64, 11, 330, 2304]
✅ Draft ACCEPTED: 64
✅ Draft ACCEPTED: 11
✅ Draft ACCEPTED: 330
✅ Draft ACCEPTED: 2304
🔍 Match found at ngram_size 5: [64, 11, 330, 2304, 85] -> drafts [49544, 1, 553, 422]
✅ Draft ACCEPTED: 49544
✅ Draft ACCEPTED: 1
✅ Draft ACCEPTED: 553
✅ Draft ACCEPTED: 422
🔍 Match found at ngram_size 5: [49544, 1, 553, 422, 4284] -> drafts [41139, 64, 11, 330]
✅ Draft ACCEPTED: 41139
✅ Draft ACCEPTED: 64
✅ Draft ACCEPTED: 11
✅ Draft ACCEPTED: 330
🔍 Match found at ngram_size 5: [41139, 64, 11, 330, 8784] -> drafts [4615, 90914, 1, 553]
✅ Draft ACCEPTED: 4615
✅ Draft ACCEPTED: 90914
✅ Draft ACCEPTED: 1
✅ Draft ACCEPTED: 553
🔍 Match found at ngram_size 5: [4615, 90914, 1, 553, 576] -> drafts [10348, 303, 11, 330]
✅ Draft ACCEPTED: 10348
✅ Draft ACCEPTED: 303
✅ Draft ACCEPTED: 11
✅ Draft ACCEPTED: 330
🔍 Match found at ngram_size 5: [10348, 303, 11, 330, 28253] -> drafts [71118, 30919, 1, 553]
✅ Draft ACCEPTED: 71118
✅ Draft ACCEPTED: 30919
✅ Draft ACCEPTED: 1
✅ Draft ACCEPTED: 553
🔍 Match found at ngram_size 5: [71118, 30919, 1, 553, 13928] -> drafts [37370, 11, 330, 18284]
✅ Draft ACCEPTED: 37370
✅ Draft ACCEPTED: 11
✅ Draft ACCEPTED: 330
✅ Draft ACCEPTED: 18284
🔍 Match found at ngram_size 5: [37370, 11, 330, 18284, 13971] -> drafts [9536, 1, 553, 40478]
✅ Draft ACCEPTED: 9536
✅ Draft ACCEPTED: 1
✅ Draft ACCEPTED: 553
✅ Draft ACCEPTED: 40478
🔍 Match found at ngram_size 5: [9536, 1, 553, 40478, 38222] -> drafts [1599, 10482, 13, 32819]
✅ Draft ACCEPTED: 1599
✅ Draft ACCEPTED: 10482
✅ Draft ACCEPTED: 13
✅ Draft ACCEPTED: 32819
🔍 Match found at ngram_size 5: [1599, 10482, 13, 32819, 13255] -> drafts [70824, 11, 330, 3882]
✅ Draft ACCEPTED: 70824
✅ Draft ACCEPTED: 11
✅ Draft ACCEPTED: 330
✅ Draft ACCEPTED: 3882
🔍 Match found at ngram_size 5: [70824, 11, 330, 3882, 15965] -> drafts [1, 553, 386, 17801]
✅ Draft ACCEPTED: 1
✅ Draft ACCEPTED: 553
✅ Draft ACCEPTED: 386
✅ Draft ACCEPTED: 17801
🔍 Match found at ngram_size 5: [1, 553, 386, 17801, 70824] -> drafts [11, 330, 34, 2672]
✅ Draft ACCEPTED: 11
✅ Draft ACCEPTED: 330
✅ Draft ACCEPTED: 34
✅ Draft ACCEPTED: 2672
🔍 Match found at ngram_size 5: [11, 330, 34, 2672, 301] -> drafts [18836, 1, 553, 15118]
✅ Draft ACCEPTED: 18836
✅ Draft ACCEPTED: 1
✅ Draft ACCEPTED: 553
✅ Draft ACCEPTED: 15118
🔍 Match found at ngram_size 5: [18836, 1, 553, 15118, 53653] -> drafts [10482, 13, 422, 4284]
✅ Draft ACCEPTED: 10482
✅ Draft ACCEPTED: 13
✅ Draft ACCEPTED: 422
✅ Draft ACCEPTED: 4284
🔍 Match found at ngram_size 5: [10482, 13, 422, 4284, 41139] -> drafts [64, 11, 330, 2304]
✅ Draft ACCEPTED: 64
✅ Draft ACCEPTED: 11
✅ Draft ACCEPTED: 330
✅ Draft ACCEPTED: 2304
🔍 Match found at ngram_size 5: [64, 11, 330, 2304, 85] -> drafts [49544, 1, 553, 422]
✅ Draft ACCEPTED: 49544
✅ Draft ACCEPTED: 1
✅ Draft ACCEPTED: 553
✅ Draft ACCEPTED: 422
🔍 Match found at ngram_size 5: [49544, 1, 553, 422, 4284] -> drafts [41139, 64, 11, 330]
✅ Draft ACCEPTED: 41139
✅ Draft ACCEPTED: 64
✅ Draft ACCEPTED: 11
✅ Draft ACCEPTED: 330
🔍 Match found at ngram_size 5: [41139, 64, 11, 330, 8784] -> drafts [4615, 90914, 1, 553]
✅ Draft ACCEPTED: 4615
✅ Draft ACCEPTED: 90914
✅ Draft ACCEPTED: 1
✅ Draft ACCEPTED: 553
🔍 Match found at ngram_size 5: [4615, 90914, 1, 553, 576] -> drafts [10348, 303, 11, 330]
✅ Draft ACCEPTED: 10348
✅ Draft ACCEPTED: 303
✅ Draft ACCEPTED: 11
✅ Draft ACCEPTED: 330
🔍 Match found at ngram_size 5: [10348, 303, 11, 330, 28253] -> drafts [71118, 30919, 1, 553]
✅ Draft ACCEPTED: 71118
✅ Draft ACCEPTED: 30919
✅ Draft ACCEPTED: 1
✅ Draft ACCEPTED: 553
🔍 Match found at ngram_size 5: [71118, 30919, 1, 553, 13928] -> drafts [37370, 11, 330, 18284]
✅ Draft ACCEPTED: 37370
✅ Draft ACCEPTED: 11
✅ Draft ACCEPTED: 330
✅ Draft ACCEPTED: 18284
🔍 Match found at ngram_size 5: [37370, 11, 330, 18284, 13971] -> drafts [9536, 1, 553, 40478]
✅ Draft ACCEPTED: 9536
✅ Draft ACCEPTED: 1
✅ Draft ACCEPTED: 553
✅ Draft ACCEPTED: 40478
🔍 Match found at ngram_size 5: [9536, 1, 553, 40478, 38222] -> drafts [1599, 10482, 13, 32819]
✅ Draft ACCEPTED: 1599
✅ Draft ACCEPTED: 10482
✅ Draft ACCEPTED: 13
✅ Draft ACCEPTED: 32819
🔍 Match found at ngram_size 5: [1599, 10482, 13, 32819, 13255] -> drafts [70824, 11, 330, 3882]
✅ Draft ACCEPTED: 70824
✅ Draft ACCEPTED: 11
✅ Draft ACCEPTED: 330
✅ Draft ACCEPTED: 3882
🔍 Match found at ngram_size 5: [70824, 11, 330, 3882, 15965] -> drafts [1, 553, 386, 17801]
✅ Draft ACCEPTED: 1
✅ Draft ACCEPTED: 553
✅ Draft ACCEPTED: 386
✅ Draft ACCEPTED: 17801
🔍 Match found at ngram_size 5: [1, 553, 386, 17801, 70824] -> drafts [11, 330, 34, 2672]
✅ Draft ACCEPTED: 11
✅ Draft ACCEPTED: 330
✅ Draft ACCEPTED: 34
✅ Draft ACCEPTED: 2672
🔍 Match found at ngram_size 5: [11, 330, 34, 2672, 301] -> drafts [18836, 1, 553, 15118]
✅ Draft ACCEPTED: 18836
✅ Draft ACCEPTED: 1
✅ Draft ACCEPTED: 553
✅ Draft ACCEPTED: 15118
🔍 Match found at ngram_size 5: [18836, 1, 553, 15118, 53653] -> drafts [10482, 13, 422, 4284]
✅ Draft ACCEPTED: 10482
✅ Draft ACCEPTED: 13
✅ Draft ACCEPTED: 422
✅ Draft ACCEPTED: 4284
🔍 Match found at ngram_size 5: [10482, 13, 422, 4284, 41139] -> drafts [64, 11, 330, 2304]
✅ Draft ACCEPTED: 64
✅ Draft ACCEPTED: 11
✅ Draft ACCEPTED: 330
✅ Draft ACCEPTED: 2304
🔍 Match found at ngram_size 5: [64, 11, 330, 2304, 85] -> drafts [49544, 1, 553, 422]
✅ Draft ACCEPTED: 49544
✅ Draft ACCEPTED: 1
✅ Draft ACCEPTED: 553
✅ Draft ACCEPTED: 422
🔍 Match found at ngram_size 5: [49544, 1, 553, 422, 4284] -> drafts [41139, 64, 11, 330]
✅ Draft ACCEPTED: 41139
✅ Draft ACCEPTED: 64
✅ Draft ACCEPTED: 11
✅ Draft ACCEPTED: 330
🔍 Match found at ngram_size 5: [41139, 64, 11, 330, 8784] -> drafts [4615, 90914, 1, 553]
✅ Draft ACCEPTED: 4615
✅ Draft ACCEPTED: 90914
✅ Draft ACCEPTED: 1
✅ Draft ACCEPTED: 553
🔍 Match found at ngram_size 5: [4615, 90914, 1, 553, 576] -> drafts [10348, 303, 11, 330]
✅ Draft ACCEPTED: 10348
✅ Draft ACCEPTED: 303
✅ Draft ACCEPTED: 11
✅ Draft ACCEPTED: 330
🔍 Match found at ngram_size 5: [10348, 303, 11, 330, 28253] -> drafts [71118, 30919, 1, 553]
✅ Draft ACCEPTED: 71118
✅ Draft ACCEPTED: 30919
✅ Draft ACCEPTED: 1
✅ Draft ACCEPTED: 553
🔍 Match found at ngram_size 5: [71118, 30919, 1, 553, 13928] -> drafts [37370, 11, 330, 18284]
✅ Draft ACCEPTED: 37370
✅ Draft ACCEPTED: 11
✅ Draft ACCEPTED: 330
✅ Draft ACCEPTED: 18284
🔍 Match found at ngram_size 5: [37370, 11, 330, 18284, 13971] -> drafts [9536, 1, 553, 40478]
✅ Draft ACCEPTED: 9536
✅ Draft ACCEPTED: 1
✅ Draft ACCEPTED: 553
✅ Draft ACCEPTED: 40478
🔍 Match found at ngram_size 5: [9536, 1, 553, 40478, 38222] -> drafts [1599, 10482, 13, 32819]
✅ Draft ACCEPTED: 1599
✅ Draft ACCEPTED: 10482
✅ Draft ACCEPTED: 13
✅ Draft ACCEPTED: 32819
🔍 Match found at ngram_size 5: [1599, 10482, 13, 32819, 13255] -> drafts [70824, 11, 330, 3882]
✅ Draft ACCEPTED: 70824
✅ Draft ACCEPTED: 11
✅ Draft ACCEPTED: 330
✅ Draft ACCEPTED: 3882
🔍 Match found at ngram_size 5: [70824, 11, 330, 3882, 15965] -> drafts [1, 553, 386, 17801]
✅ Draft ACCEPTED: 1
✅ Draft ACCEPTED: 553
✅ Draft ACCEPTED: 386
✅ Draft ACCEPTED: 17801
🔍 Match found at ngram_size 5: [1, 553, 386, 17801, 70824] -> drafts [11, 330, 34, 2672]
✅ Draft ACCEPTED: 11
✅ Draft ACCEPTED: 330
✅ Draft ACCEPTED: 34
✅ Draft ACCEPTED: 2672
🔍 Match found at ngram_size 5: [11, 330, 34, 2672, 301] -> drafts [18836, 1, 553, 15118]
✅ Draft ACCEPTED: 18836
✅ Draft ACCEPTED: 1
✅ Draft ACCEPTED: 553
✅ Draft ACCEPTED: 15118
🔍 Match found at ngram_size 5: [18836, 1, 553, 15118, 53653] -> drafts [10482, 13, 422, 4284]
✅ Draft ACCEPTED: 10482
✅ Draft ACCEPTED: 13
✅ Draft ACCEPTED: 422
✅ Draft ACCEPTED: 4284
🔍 Match found at ngram_size 5: [10482, 13, 422, 4284, 41139] -> drafts [64, 11, 330, 2304]
✅ Draft ACCEPTED: 64
✅ Draft ACCEPTED: 11
✅ Draft ACCEPTED: 330
✅ Draft ACCEPTED: 2304
🔍 Match found at ngram_size 5: [64, 11, 330, 2304, 85] -> drafts [49544, 1, 553, 422]
✅ Draft ACCEPTED: 49544
✅ Draft ACCEPTED: 1
✅ Draft ACCEPTED: 553
✅ Draft ACCEPTED: 422
🔍 Match found at ngram_size 5: [49544, 1, 553, 422, 4284] -> drafts [41139, 64, 11, 330]
✅ Draft ACCEPTED: 41139
✅ Draft ACCEPTED: 64
✅ Draft ACCEPTED: 11
✅ Draft ACCEPTED: 330
🔍 Match found at ngram_size 5: [41139, 64, 11, 330, 8784] -> drafts [4615, 90914, 1, 553]
✅ Draft ACCEPTED: 4615
✅ Draft ACCEPTED: 90914
✅ Draft ACCEPTED: 1
✅ Draft ACCEPTED: 553
🔍 Match found at ngram_size 5: [4615, 90914, 1, 553, 576] -> drafts [10348, 303, 11, 330]
✅ Draft ACCEPTED: 10348
✅ Draft ACCEPTED: 303
✅ Draft ACCEPTED: 11
✅ Draft ACCEPTED: 330
🔍 Match found at ngram_size 5: [10348, 303, 11, 330, 28253] -> drafts [71118, 30919, 1, 553]
✅ Draft ACCEPTED: 71118
✅ Draft ACCEPTED: 30919
✅ Draft ACCEPTED: 1
✅ Draft ACCEPTED: 553
🔍 Match found at ngram_size 5: [71118, 30919, 1, 553, 13928] -> drafts [37370, 11, 330, 18284]
✅ Draft ACCEPTED: 37370
✅ Draft ACCEPTED: 11
✅ Draft ACCEPTED: 330
✅ Draft ACCEPTED: 18284
🔍 Match found at ngram_size 5: [37370, 11, 330, 18284, 13971] -> drafts [9536, 1, 553, 40478]
✅ Draft ACCEPTED: 9536
✅ Draft ACCEPTED: 1
✅ Draft ACCEPTED: 553
✅ Draft ACCEPTED: 40478
🔍 Match found at ngram_size 5: [9536, 1, 553, 40478, 38222] -> drafts [1599, 10482, 13, 32819]
✅ Draft ACCEPTED: 1599
✅ Draft ACCEPTED: 10482
✅ Draft ACCEPTED: 13
✅ Draft ACCEPTED: 32819
🔍 Match found at ngram_size 5: [1599, 10482, 13, 32819, 13255] -> drafts [70824, 11, 330, 3882]
✅ Draft ACCEPTED: 70824
✅ Draft ACCEPTED: 11
✅ Draft ACCEPTED: 330
✅ Draft ACCEPTED: 3882
🔍 Match found at ngram_size 5: [70824, 11, 330, 3882, 15965] -> drafts [1, 553, 386, 17801]
✅ Draft ACCEPTED: 1
✅ Draft ACCEPTED: 553
✅ Draft ACCEPTED: 386
✅ Draft ACCEPTED: 17801
🔍 Match found at ngram_size 5: [1, 553, 386, 17801, 70824] -> drafts [11, 330, 34, 2672]
✅ Draft ACCEPTED: 11
✅ Draft ACCEPTED: 330
✅ Draft ACCEPTED: 34
✅ Draft ACCEPTED: 2672
🔍 Match found at ngram_size 5: [11, 330, 34, 2672, 301] -> drafts [18836, 1, 553, 15118]
✅ Draft ACCEPTED: 18836
✅ Draft ACCEPTED: 1
✅ Draft ACCEPTED: 553
✅ Draft ACCEPTED: 15118
🔍 Match found at ngram_size 5: [18836, 1, 553, 15118, 53653] -> drafts [10482, 13, 422, 4284]
✅ Draft ACCEPTED: 10482
✅ Draft ACCEPTED: 13
✅ Draft ACCEPTED: 422
✅ Draft ACCEPTED: 4284
🔍 Match found at ngram_size 5: [10482, 13, 422, 4284, 41139] -> drafts [64, 11, 330, 2304]
✅ Draft ACCEPTED: 64
✅ Draft ACCEPTED: 11
✅ Draft ACCEPTED: 330
✅ Draft ACCEPTED: 2304
🔍 Match found at ngram_size 5: [64, 11, 330, 2304, 85] -> drafts [49544, 1, 553, 422]
✅ Draft ACCEPTED: 49544
✅ Draft ACCEPTED: 1
✅ Draft ACCEPTED: 553
✅ Draft ACCEPTED: 422
🔍 Match found at ngram_size 5: [49544, 1, 553, 422, 4284] -> drafts [41139, 64, 11, 330]
✅ Draft ACCEPTED: 41139
✅ Draft ACCEPTED: 64
✅ Draft ACCEPTED: 11
✅ Draft ACCEPTED: 330
🔍 Match found at ngram_size 5: [41139, 64, 11, 330, 8784] -> drafts [4615, 90914, 1, 553]
✅ Draft ACCEPTED: 4615
✅ Draft ACCEPTED: 90914
✅ Draft ACCEPTED: 1
✅ Draft ACCEPTED: 553
🔍 Match found at ngram_size 5: [4615, 90914, 1, 553, 576] -> drafts [10348, 303, 11, 330]
✅ Draft ACCEPTED: 10348
✅ Draft ACCEPTED: 303
✅ Draft ACCEPTED: 11
✅ Draft ACCEPTED: 330
🔍 Match found at ngram_size 5: [10348, 303, 11, 330, 28253] -> drafts [71118, 30919, 1, 553]
✅ Draft ACCEPTED: 71118
✅ Draft ACCEPTED: 30919
✅ Draft ACCEPTED: 1
✅ Draft ACCEPTED: 553
🔍 Match found at ngram_size 5: [71118, 30919, 1, 553, 13928] -> drafts [37370, 11, 330, 18284]
✅ Draft ACCEPTED: 37370
✅ Draft ACCEPTED: 11
✅ Draft ACCEPTED: 330
✅ Draft ACCEPTED: 18284
🔍 Match found at ngram_size 5: [37370, 11, 330, 18284, 13971] -> drafts [9536, 1, 553, 40478]
✅ Draft ACCEPTED: 9536
✅ Draft ACCEPTED: 1
✅ Draft ACCEPTED: 553
✅ Draft ACCEPTED: 40478
🔍 Match found at ngram_size 5: [9536, 1, 553, 40478, 38222] -> drafts [1599, 10482, 13, 32819]
✅ Draft ACCEPTED: 1599
✅ Draft ACCEPTED: 10482
✅ Draft ACCEPTED: 13
✅ Draft ACCEPTED: 32819
🔍 Match found at ngram_size 5: [1599, 10482, 13, 32819, 13255] -> drafts [70824, 11, 330, 3882]
✅ Draft ACCEPTED: 70824
✅ Draft ACCEPTED: 11
✅ Draft ACCEPTED: 330
✅ Draft ACCEPTED: 3882
🔍 Match found at ngram_size 5: [70824, 11, 330, 3882, 15965] -> drafts [1, 553, 386, 17801]
✅ Draft ACCEPTED: 1
✅ Draft ACCEPTED: 553
✅ Draft ACCEPTED: 386
✅ Draft ACCEPTED: 17801
🔍 Match found at ngram_size 5: [1, 553, 386, 17801, 70824] -> drafts [11, 330, 34, 2672]
✅ Draft ACCEPTED: 11
✅ Draft ACCEPTED: 330
✅ Draft ACCEPTED: 34
✅ Draft ACCEPTED: 2672
🔍 Match found at ngram_size 5: [11, 330, 34, 2672, 301] -> drafts [18836, 1, 553, 15118]
✅ Draft ACCEPTED: 18836
✅ Draft ACCEPTED: 1
✅ Draft ACCEPTED: 553
✅ Draft ACCEPTED: 15118
🔍 Match found at ngram_size 5: [18836, 1, 553, 15118, 53653] -> drafts [10482, 13, 422, 4284]
✅ Draft ACCEPTED: 10482
✅ Draft ACCEPTED: 13
✅ Draft ACCEPTED: 422
✅ Draft ACCEPTED: 4284
🔍 Match found at ngram_size 5: [10482, 13, 422, 4284, 41139] -> drafts [64, 11, 330, 2304]
✅ Draft ACCEPTED: 64
✅ Draft ACCEPTED: 11
✅ Draft ACCEPTED: 330
✅ Draft ACCEPTED: 2304
🔍 Match found at ngram_size 5: [64, 11, 330, 2304, 85] -> drafts [49544, 1, 553, 422]
✅ Draft ACCEPTED: 49544
✅ Draft ACCEPTED: 1
✅ Draft ACCEPTED: 553
✅ Draft ACCEPTED: 422
🔍 Match found at ngram_size 5: [49544, 1, 553, 422, 4284] -> drafts [41139, 64, 11, 330]
✅ Draft ACCEPTED: 41139
✅ Draft ACCEPTED: 64
✅ Draft ACCEPTED: 11
✅ Draft ACCEPTED: 330
🔍 Match found at ngram_size 5: [41139, 64, 11, 330, 8784] -> drafts [4615, 90914, 1, 553]
✅ Draft ACCEPTED: 4615
✅ Draft ACCEPTED: 90914
✅ Draft ACCEPTED: 1
✅ Draft ACCEPTED: 553
🔍 Match found at ngram_size 5: [4615, 90914, 1, 553, 576] -> drafts [10348, 303, 11, 330]
✅ Draft ACCEPTED: 10348
✅ Draft ACCEPTED: 303
✅ Draft ACCEPTED: 11
✅ Draft ACCEPTED: 330
🔍 Match found at ngram_size 5: [10348, 303, 11, 330, 28253] -> drafts [71118, 30919, 1, 553]
✅ Draft ACCEPTED: 71118
✅ Draft ACCEPTED: 30919
✅ Draft ACCEPTED: 1
✅ Draft ACCEPTED: 553
🔍 Match found at ngram_size 5: [71118, 30919, 1, 553, 13928] -> drafts [37370, 11, 330, 18284]
✅ Draft ACCEPTED: 37370
✅ Draft ACCEPTED: 11
✅ Draft ACCEPTED: 330
✅ Draft ACCEPTED: 18284
🔍 Match found at ngram_size 5: [37370, 11, 330, 18284, 13971] -> drafts [9536, 1, 553, 40478]
✅ Draft ACCEPTED: 9536
✅ Draft ACCEPTED: 1
✅ Draft ACCEPTED: 553
✅ Draft ACCEPTED: 40478
🔍 Match found at ngram_size 5: [9536, 1, 553, 40478, 38222] -> drafts [1599, 10482, 13, 32819]
✅ Draft ACCEPTED: 1599
✅ Draft ACCEPTED: 10482
✅ Draft ACCEPTED: 13
✅ Draft ACCEPTED: 32819
🔍 Match found at ngram_size 5: [1599, 10482, 13, 32819, 13255] -> drafts [70824, 11, 330, 3882]
✅ Draft ACCEPTED: 70824
✅ Draft ACCEPTED: 11
✅ Draft ACCEPTED: 330
✅ Draft ACCEPTED: 3882
🔍 Match found at ngram_size 5: [70824, 11, 330, 3882, 15965] -> drafts [1, 553, 386, 17801]
✅ Draft ACCEPTED: 1
✅ Draft ACCEPTED: 553
✅ Draft ACCEPTED: 386
✅ Draft ACCEPTED: 17801
🔍 Match found at ngram_size 5: [1, 553, 386, 17801, 70824] -> drafts [11, 330, 34, 2672]
✅ Draft ACCEPTED: 11
✅ Draft ACCEPTED: 330
✅ Draft ACCEPTED: 34
✅ Draft ACCEPTED: 2672
🔍 Match found at ngram_size 5: [11, 330, 34, 2672, 301] -> drafts [18836, 1, 553, 15118]
✅ Draft ACCEPTED: 18836
✅ Draft ACCEPTED: 1
✅ Draft ACCEPTED: 553
✅ Draft ACCEPTED: 15118
🔍 Match found at ngram_size 5: [18836, 1, 553, 15118, 53653] -> drafts [10482, 13, 422, 4284]
✅ Draft ACCEPTED: 10482
✅ Draft ACCEPTED: 13
✅ Draft ACCEPTED: 422
✅ Draft ACCEPTED: 4284
🔍 Match found at ngram_size 5: [10482, 13, 422, 4284, 41139] -> drafts [64, 11, 330, 2304]
✅ Draft ACCEPTED: 64
✅ Draft ACCEPTED: 11
✅ Draft ACCEPTED: 330
✅ Draft ACCEPTED: 2304
🔍 Match found at ngram_size 5: [64, 11, 330, 2304, 85] -> drafts [49544, 1, 553, 422]
✅ Draft ACCEPTED: 49544
✅ Draft ACCEPTED: 1
✅ Draft ACCEPTED: 553
✅ Draft ACCEPTED: 422
🔍 Match found at ngram_size 5: [49544, 1, 553, 422, 4284] -> drafts [41139, 64, 11, 330]
✅ Draft ACCEPTED: 41139
✅ Draft ACCEPTED: 64
✅ Draft ACCEPTED: 11
✅ Draft ACCEPTED: 330
🔍 Match found at ngram_size 5: [41139, 64, 11, 330, 8784] -> drafts [4615, 90914, 1, 553]
✅ Draft ACCEPTED: 4615
✅ Draft ACCEPTED: 90914
✅ Draft ACCEPTED: 1
✅ Draft ACCEPTED: 553
🔍 Match found at ngram_size 5: [4615, 90914, 1, 553, 576] -> drafts [10348, 303, 11, 330]
✅ Draft ACCEPTED: 10348
✅ Draft ACCEPTED: 303
✅ Draft ACCEPTED: 11
✅ Draft ACCEPTED: 330
🔍 Match found at ngram_size 5: [10348, 303, 11, 330, 28253] -> drafts [71118, 30919, 1, 553]
✅ Draft ACCEPTED: 71118
✅ Draft ACCEPTED: 30919
✅ Draft ACCEPTED: 1
✅ Draft ACCEPTED: 553
🔍 Match found at ngram_size 5: [71118, 30919, 1, 553, 13928] -> drafts [37370, 11, 330, 18284]
✅ Draft ACCEPTED: 37370
✅ Draft ACCEPTED: 11
✅ Draft ACCEPTED: 330
✅ Draft ACCEPTED: 18284
🔍 Match found at ngram_size 5: [37370, 11, 330, 18284, 13971] -> drafts [9536, 1, 553, 40478]
✅ Draft ACCEPTED: 9536
✅ Draft ACCEPTED: 1
✅ Draft ACCEPTED: 553
✅ Draft ACCEPTED: 40478
🔍 Match found at ngram_size 5: [9536, 1, 553, 40478, 38222] -> drafts [1599, 10482, 13, 32819]
✅ Draft ACCEPTED: 1599
✅ Draft ACCEPTED: 10482
✅ Draft ACCEPTED: 13
✅ Draft ACCEPTED: 32819
🔍 Match found at ngram_size 5: [1599, 10482, 13, 32819, 13255] -> drafts [70824, 11, 330, 3882]
✅ Draft ACCEPTED: 70824
✅ Draft ACCEPTED: 11
✅ Draft ACCEPTED: 330
✅ Draft ACCEPTED: 3882
🔍 Match found at ngram_size 5: [70824, 11, 330, 3882, 15965] -> drafts [1, 553, 386, 17801]
✅ Draft ACCEPTED: 1
✅ Draft ACCEPTED: 553
✅ Draft ACCEPTED: 386
✅ Draft ACCEPTED: 17801
🔍 Match found at ngram_size 5: [1, 553, 386, 17801, 70824] -> drafts [11, 330, 34, 2672]
✅ Draft ACCEPTED: 11
✅ Draft ACCEPTED: 330
✅ Draft ACCEPTED: 34
✅ Draft ACCEPTED: 2672
🔍 Match found at ngram_size 5: [11, 330, 34, 2672, 301] -> drafts [18836, 1, 553, 15118]
✅ Draft ACCEPTED: 18836
✅ Draft ACCEPTED: 1
✅ Draft ACCEPTED: 553
✅ Draft ACCEPTED: 15118
🔍 Match found at ngram_size 5: [18836, 1, 553, 15118, 53653] -> drafts [10482, 13, 422, 4284]
✅ Draft ACCEPTED: 10482
✅ Draft ACCEPTED: 13
✅ Draft ACCEPTED: 422
✅ Draft ACCEPTED: 4284
🔍 Match found at ngram_size 5: [10482, 13, 422, 4284, 41139] -> drafts [64, 11, 330, 2304]
✅ Draft ACCEPTED: 64
✅ Draft ACCEPTED: 11
✅ Draft ACCEPTED: 330
✅ Draft ACCEPTED: 2304
🔍 Match found at ngram_size 5: [64, 11, 330, 2304, 85] -> drafts [49544, 1, 553, 422]
✅ Draft ACCEPTED: 49544
✅ Draft ACCEPTED: 1
✅ Draft ACCEPTED: 553
✅ Draft ACCEPTED: 422
🔍 Match found at ngram_size 5: [49544, 1, 553, 422, 4284] -> drafts [41139, 64, 11, 330]
✅ Draft ACCEPTED: 41139
✅ Draft ACCEPTED: 64
✅ Draft ACCEPTED: 11
✅ Draft ACCEPTED: 330
🔍 Match found at ngram_size 5: [41139, 64, 11, 330, 8784] -> drafts [4615, 90914, 1, 553]
✅ Draft ACCEPTED: 4615
✅ Draft ACCEPTED: 90914
✅ Draft ACCEPTED: 1
✅ Draft ACCEPTED: 553
🔍 Match found at ngram_size 5: [4615, 90914, 1, 553, 576] -> drafts [10348, 303, 11, 330]
✅ Draft ACCEPTED: 10348
✅ Draft ACCEPTED: 303
✅ Draft ACCEPTED: 11
✅ Draft ACCEPTED: 330
🔍 Match found at ngram_size 5: [10348, 303, 11, 330, 28253] -> drafts [71118, 30919, 1, 553]
✅ Draft ACCEPTED: 71118
✅ Draft ACCEPTED: 30919
✅ Draft ACCEPTED: 1
✅ Draft ACCEPTED: 553
🔍 Match found at ngram_size 5: [71118, 30919, 1, 553, 13928] -> drafts [37370, 11, 330, 18284]
✅ Draft ACCEPTED: 37370
✅ Draft ACCEPTED: 11
✅ Draft ACCEPTED: 330
✅ Draft ACCEPTED: 18284
🔍 Match found at ngram_size 5: [37370, 11, 330, 18284, 13971] -> drafts [9536, 1, 553, 40478]
✅ Draft ACCEPTED: 9536
✅ Draft ACCEPTED: 1
✅ Draft ACCEPTED: 553
✅ Draft ACCEPTED: 40478
🔍 Match found at ngram_size 5: [9536, 1, 553, 40478, 38222] -> drafts [1599, 10482, 13, 32819]
✅ Draft ACCEPTED: 1599
✅ Draft ACCEPTED: 10482
✅ Draft ACCEPTED: 13
✅ Draft ACCEPTED: 32819
🔍 Match found at ngram_size 5: [1599, 10482, 13, 32819, 13255] -> drafts [70824, 11, 330, 3882]
✅ Draft ACCEPTED: 70824
✅ Draft ACCEPTED: 11
✅ Draft ACCEPTED: 330
✅ Draft ACCEPTED: 3882
🔍 Match found at ngram_size 5: [70824, 11, 330, 3882, 15965] -> drafts [1, 553, 386, 17801]
✅ Draft ACCEPTED: 1
✅ Draft ACCEPTED: 553
✅ Draft ACCEPTED: 386
✅ Draft ACCEPTED: 17801
🔍 Match found at ngram_size 5: [1, 553, 386, 17801, 70824] -> drafts [11, 330, 34, 2672]
✅ Draft ACCEPTED: 11
✅ Draft ACCEPTED: 330
✅ Draft ACCEPTED: 34
✅ Draft ACCEPTED: 2672
🔍 Match found at ngram_size 5: [11, 330, 34, 2672, 301] -> drafts [18836, 1, 553, 15118]
✅ Draft ACCEPTED: 18836
✅ Draft ACCEPTED: 1
✅ Draft ACCEPTED: 553
✅ Draft ACCEPTED: 15118
🔍 Match found at ngram_size 5: [18836, 1, 553, 15118, 53653] -> drafts [10482, 13, 422, 4284]
✅ Draft ACCEPTED: 10482
✅ Draft ACCEPTED: 13
✅ Draft ACCEPTED: 422
✅ Draft ACCEPTED: 4284
🔍 Match found at ngram_size 5: [10482, 13, 422, 4284, 41139] -> drafts [64, 11, 330, 2304]
✅ Draft ACCEPTED: 64
✅ Draft ACCEPTED: 11
✅ Draft ACCEPTED: 330
✅ Draft ACCEPTED: 2304
🔍 Match found at ngram_size 5: [64, 11, 330, 2304, 85] -> drafts [49544, 1, 553, 422]
✅ Draft ACCEPTED: 49544
✅ Draft ACCEPTED: 1
✅ Draft ACCEPTED: 553
✅ Draft ACCEPTED: 422
🔍 Match found at ngram_size 5: [49544, 1, 553, 422, 4284] -> drafts [41139, 64, 11, 330]
✅ Draft ACCEPTED: 41139
✅ Draft ACCEPTED: 64
✅ Draft ACCEPTED: 11
✅ Draft ACCEPTED: 330
🔍 Match found at ngram_size 5: [41139, 64, 11, 330, 8784] -> drafts [4615, 90914, 1, 553]
✅ Draft ACCEPTED: 4615
✅ Draft ACCEPTED: 90914
✅ Draft ACCEPTED: 1
✅ Draft ACCEPTED: 553
🔍 Match found at ngram_size 5: [4615, 90914, 1, 553, 576] -> drafts [10348, 303, 11, 330]
✅ Draft ACCEPTED: 10348
✅ Draft ACCEPTED: 303
✅ Draft ACCEPTED: 11
✅ Draft ACCEPTED: 330
🔍 Match found at ngram_size 5: [10348, 303, 11, 330, 28253] -> drafts [71118, 30919, 1, 553]
✅ Draft ACCEPTED: 71118
✅ Draft ACCEPTED: 30919
✅ Draft ACCEPTED: 1
✅ Draft ACCEPTED: 553
🔍 Match found at ngram_size 5: [71118, 30919, 1, 553, 13928] -> drafts [37370, 11, 330, 18284]
✅ Draft ACCEPTED: 37370
✅ Draft ACCEPTED: 11
✅ Draft ACCEPTED: 330
✅ Draft ACCEPTED: 18284
🔍 Match found at ngram_size 5: [37370, 11, 330, 18284, 13971] -> drafts [9536, 1, 553, 40478]
✅ Draft ACCEPTED: 9536
✅ Draft ACCEPTED: 1
✅ Draft ACCEPTED: 553
✅ Draft ACCEPTED: 40478
🔍 Match found at ngram_size 5: [9536, 1, 553, 40478, 38222] -> drafts [1599, 10482, 13, 32819]
✅ Draft ACCEPTED: 1599
✅ Draft ACCEPTED: 10482
✅ Draft ACCEPTED: 13
✅ Draft ACCEPTED: 32819

=== Lookahead Session: 1779811042 ===
🔍 Match found at ngram_size 3: [1909, 220, 20] -> drafts [15, 1429, 5411, 11674]
✅ Draft ACCEPTED: 15
✅ Draft ACCEPTED: 1429
✅ Draft ACCEPTED: 5411
✅ Draft ACCEPTED: 11674
🔍 Match found at ngram_size 3: [358, 1184, 311] -> drafts [37163, 1128, 330, 43248]
❌ Draft REJECTED: expected 37163, got 17188
🔍 Match found at ngram_size 3: [220, 20, 15] -> drafts [1429, 5411, 11674, 13]
✅ Draft ACCEPTED: 1429
✅ Draft ACCEPTED: 5411
✅ Draft ACCEPTED: 11674
❌ Draft REJECTED: expected 13, got 304
🔍 Match found at ngram_size 3: [220, 17, 15] -> drafts [16, 20, 476, 220]
✅ Draft ACCEPTED: 16
❌ Draft REJECTED: expected 20, got 21
🔍 Match found at ngram_size 3: [330, 43248, 1] -> drafts [3363, 1588, 13, 1084]
❌ Draft REJECTED: expected 3363, got 646
🔍 Match found at ngram_size 3: [16842, 5109, 11] -> drafts [3590, 3687, 33845, 11]
❌ Draft REJECTED: expected 3590, got 3800
🔍 Match found at ngram_size 3: [279, 1196, 2578] -> drafts [387, 22023, 311, 264]
✅ Draft ACCEPTED: 387
❌ Draft REJECTED: expected 22023, got 3330
🔍 Match found at ngram_size 3: [279, 1909, 220] -> drafts [20, 15, 1429, 5411]
✅ Draft ACCEPTED: 20
✅ Draft ACCEPTED: 15
❌ Draft REJECTED: expected 1429, got 369
🔍 Match found at ngram_size 3: [11674, 504, 5257] -> drafts [1635, 382, 40, 1265]
❌ Draft REJECTED: expected 1635, got 10793
🔍 Match found at ngram_size 3: [13, 4354, 11] -> drafts [279, 66193, 8007, 220]
✅ Draft ACCEPTED: 279
❌ Draft REJECTED: expected 66193, got 1196
🔍 Match found at ngram_size 3: [11, 279, 1196] -> drafts [6801, 264, 1140, 315]
❌ Draft REJECTED: expected 6801, got 3207
🔍 Match found at ngram_size 3: [279, 1196, 3207] -> drafts [944, 13837, 11, 358]
✅ Draft ACCEPTED: 944
✅ Draft ACCEPTED: 13837
❌ Draft REJECTED: expected 11, got 264
🔍 Match found at ngram_size 3: [13, 7281, 11] -> drafts [279, 7271, 315, 330]
✅ Draft ACCEPTED: 279
❌ Draft REJECTED: expected 7271, got 1140
🔍 Match found at ngram_size 3: [358, 646, 944] -> drafts [2615, 3887, 821, 476]
❌ Draft REJECTED: expected 2615, got 1779
🔍 Match found at ngram_size 3: [821, 11, 358] -> drafts [646, 1172, 3410, 264]
❌ Draft REJECTED: expected 646, got 3278
🔍 Match found at ngram_size 3: [22538, 382, 14190] -> drafts [11, 714, 358, 646]
✅ Draft ACCEPTED: 11
❌ Draft REJECTED: expected 714, got 279
🔍 Match found at ngram_size 3: [11, 279, 1196] -> drafts [3207, 944, 13837, 264]
❌ Draft REJECTED: expected 3207, got 2578
🔍 Match found at ngram_size 3: [279, 1196, 2578] -> drafts [387, 3330, 369, 11674]
❌ Draft REJECTED: expected 387, got 614
🔍 Match found at ngram_size 3: [13, 1752, 3110] -> drafts [11, 11674, 1075, 330]
✅ Draft ACCEPTED: 11
❌ Draft REJECTED: expected 11674, got 304
🔍 Match found at ngram_size 3: [25, 279, 1196] -> drafts [2578, 387, 3330, 369]
✅ Draft ACCEPTED: 2578
✅ Draft ACCEPTED: 387
❌ Draft REJECTED: expected 3330, got 22023
🔍 Match found at ngram_size 5: [279, 1196, 2578, 387, 22023] -> drafts [311, 264, 2155, 882]
✅ Draft ACCEPTED: 311
❌ Draft REJECTED: expected 264, got 11674
🔍 Match found at ngram_size 3: [279, 1909, 220] -> drafts [20, 15, 369, 264]
✅ Draft ACCEPTED: 20
✅ Draft ACCEPTED: 15
✅ Draft ACCEPTED: 369
❌ Draft REJECTED: expected 264, got 5248
🔍 Match found at ngram_size 3: [476, 614, 1012] -> drafts [304, 279, 1909, 220]
✅ Draft ACCEPTED: 304
✅ Draft ACCEPTED: 279
✅ Draft ACCEPTED: 1909
✅ Draft ACCEPTED: 220
🔍 Match found at ngram_size 3: [220, 16, 15] -> drafts [15, 374, 264, 5297]
❌ Draft REJECTED: expected 15, got 369
🔍 Match found at ngram_size 3: [15, 369, 264] -> drafts [1293, 882, 13, 1752]
✅ Draft ACCEPTED: 1293
✅ Draft ACCEPTED: 882
✅ Draft ACCEPTED: 13
❌ Draft REJECTED: expected 1752, got 2055
🔍 Match found at ngram_size 3: [13, 7281, 11] -> drafts [279, 1140, 1265, 387]
❌ Draft REJECTED: expected 279, got 12831
🔍 Match found at ngram_size 3: [11674, 429, 614] -> drafts [1012, 389, 279, 1909]
✅ Draft ACCEPTED: 1012
❌ Draft REJECTED: expected 389, got 9761
🔍 Match found at ngram_size 3: [13, 4354, 11] -> drafts [279, 1196, 3207, 944]
✅ Draft ACCEPTED: 279
✅ Draft ACCEPTED: 1196
✅ Draft ACCEPTED: 3207
✅ Draft ACCEPTED: 944
🔍 Match found at ngram_size 5: [279, 1196, 3207, 944, 13837] -> drafts [264, 17328, 11, 773]
❌ Draft REJECTED: expected 264, got 429
🔍 Match found at ngram_size 3: [11, 773, 358] -> drafts [3278, 1140, 264, 6514]
✅ Draft ACCEPTED: 3278
❌ Draft REJECTED: expected 1140, got 9214
🔍 Match found at ngram_size 3: [382, 40, 1265] -> drafts [1083, 2908, 2155, 35644]
✅ Draft ACCEPTED: 1083
❌ Draft REJECTED: expected 2908, got 1779
🔍 Match found at ngram_size 3: [11674, 429, 614] -> drafts [1012, 9761, 476, 1299]
❌ Draft REJECTED: expected 1012, got 18163
🔍 Match found at ngram_size 3: [3887, 821, 11] -> drafts [358, 3278, 614, 311]
✅ Draft ACCEPTED: 358
❌ Draft REJECTED: expected 3278, got 646
🔍 Match found at ngram_size 4: [821, 11, 358, 646] -> drafts [1172, 3410, 264, 57632]
❌ Draft REJECTED: expected 1172, got 944
🔍 Match found at ngram_size 3: [358, 646, 944] -> drafts [1779, 3887, 821, 11]
❌ Draft REJECTED: expected 1779, got 7683
🔍 Match found at ngram_size 3: [264, 1140, 315] -> drafts [279, 1909, 220, 20]
❌ Draft REJECTED: expected 279, got 11674
🔍 Match found at ngram_size 3: [11674, 429, 614] -> drafts [18163, 5089, 22538, 11]
❌ Draft REJECTED: expected 18163, got 1012
🔍 Match found at ngram_size 4: [11674, 429, 614, 1012] -> drafts [9761, 476, 1299, 3286]
❌ Draft REJECTED: expected 9761, got 389
🔍 Match found at ngram_size 5: [11674, 429, 614, 1012, 389] -> drafts [279, 1909, 220, 20]
✅ Draft ACCEPTED: 279
❌ Draft REJECTED: expected 1909, got 26131
🔍 Match found at ngram_size 3: [13, 1988, 2041] -> drafts [1931, 7246, 821, 11]
❌ Draft REJECTED: expected 1931, got 3151
🔍 Match found at ngram_size 3: [11, 358, 646] -> drafts [944, 7683, 13, 10696]
✅ Draft ACCEPTED: 944
❌ Draft REJECTED: expected 7683, got 50956
🔍 Match found at ngram_size 3: [1931, 7246, 821] -> drafts [11, 358, 646, 1172]
✅ Draft ACCEPTED: 11
✅ Draft ACCEPTED: 358
✅ Draft ACCEPTED: 646
❌ Draft REJECTED: expected 1172, got 3410
🔍 Match found at ngram_size 3: [3410, 264, 1140] -> drafts [3118, 389, 13656, 22538]
❌ Draft REJECTED: expected 3118, got 315
🔍 Match found at ngram_size 3: [264, 1140, 315] -> drafts [11674, 429, 614, 1012]
✅ Draft ACCEPTED: 11674
✅ Draft ACCEPTED: 429
✅ Draft ACCEPTED: 614
✅ Draft ACCEPTED: 1012
🔍 Match found at ngram_size 3: [504, 279, 220] -> drafts [23, 15, 82, 476]
✅ Draft ACCEPTED: 23
✅ Draft ACCEPTED: 15
✅ Draft ACCEPTED: 82
❌ Draft REJECTED: expected 476, got 323
🔍 Match found at ngram_size 3: [220, 24, 15] -> drafts [82, 429, 614, 18401]
✅ Draft ACCEPTED: 82
❌ Draft REJECTED: expected 429, got 323
🔍 Match found at ngram_size 3: [15, 82, 323] -> drafts [7218, 1526, 279, 220]
❌ Draft REJECTED: expected 7218, got 220
🔍 Match found at ngram_size 3: [220, 17, 15] -> drafts [16, 21, 11, 11649]
❌ Draft REJECTED: expected 16, got 15
🔍 Match found at ngram_size 3: [279, 1196, 2578] -> drafts [387, 22023, 311, 11674]
❌ Draft REJECTED: expected 387, got 1366
🔍 Match found at ngram_size 3: [11, 773, 358] -> drafts [3278, 9214, 311, 279]
❌ Draft REJECTED: expected 3278, got 1265
🔍 Match found at ngram_size 3: [358, 1265, 2908] -> drafts [264, 4185, 18266, 11]
❌ Draft REJECTED: expected 264, got 279
🔍 Match found at ngram_size 3: [220, 16, 15] -> drafts [369, 264, 1293, 882]
❌ Draft REJECTED: expected 369, got 12
🔍 Match found at ngram_size 3: [2578, 387, 3330] -> drafts [369, 11674, 429, 525]
✅ Draft ACCEPTED: 369
✅ Draft ACCEPTED: 11674
✅ Draft ACCEPTED: 429
❌ Draft REJECTED: expected 525, got 614
🔍 Match found at ngram_size 3: [11674, 429, 614] -> drafts [1012, 20699, 5411, 916]
✅ Draft ACCEPTED: 1012
❌ Draft REJECTED: expected 20699, got 304
🔍 Match found at ngram_size 3: [614, 1012, 304] -> drafts [279, 1909, 220, 16]
✅ Draft ACCEPTED: 279
✅ Draft ACCEPTED: 1909
✅ Draft ACCEPTED: 220
❌ Draft REJECTED: expected 16, got 20
🔍 Match found at ngram_size 5: [304, 279, 1909, 220, 20] -> drafts [15, 369, 264, 1293]
✅ Draft ACCEPTED: 15
✅ Draft ACCEPTED: 369
✅ Draft ACCEPTED: 264
✅ Draft ACCEPTED: 1293
🔍 Match found at ngram_size 5: [15, 369, 264, 1293, 882] -> drafts [13, 2055, 2670, 11674]
❌ Draft REJECTED: expected 13, got 11
🔍 Match found at ngram_size 3: [11, 279, 1196] -> drafts [3207, 944, 13837, 429]
❌ Draft REJECTED: expected 3207, got 2578
🔍 Match found at ngram_size 4: [11, 279, 1196, 2578] -> drafts [614, 264, 2155, 7271]
❌ Draft REJECTED: expected 614, got 387
🔍 Match found at ngram_size 4: [279, 1196, 2578, 387] -> drafts [22023, 311, 11674, 429]
✅ Draft ACCEPTED: 22023
✅ Draft ACCEPTED: 311
❌ Draft REJECTED: expected 11674, got 264
🔍 Match found at ngram_size 5: [2578, 387, 22023, 311, 264] -> drafts [2155, 882, 4034, 476]
❌ Draft REJECTED: expected 2155, got 3151
🔍 Match found at ngram_size 3: [11, 279, 1196] -> drafts [2578, 387, 22023, 311]
❌ Draft REJECTED: expected 2578, got 3207
🔍 Match found at ngram_size 4: [11, 279, 1196, 3207] -> drafts [944, 13837, 429, 11]
✅ Draft ACCEPTED: 944
✅ Draft ACCEPTED: 13837
❌ Draft REJECTED: expected 429, got 13
🔍 Match found at ngram_size 3: [13, 2055, 358] -> drafts [1184, 311, 17188, 389]
❌ Draft REJECTED: expected 1184, got 3278
🔍 Match found at ngram_size 3: [11674, 429, 614] -> drafts [1012, 304, 279, 1909]
❌ Draft REJECTED: expected 1012, got 1030
🔍 Match found at ngram_size 3: [13, 1752, 3110] -> drafts [11, 304, 1045, 13604]
✅ Draft ACCEPTED: 11
❌ Draft REJECTED: expected 304, got 330
🔍 Match found at ngram_size 3: [11, 330, 18665] -> drafts [26348, 1, 553, 51110]
❌ Draft REJECTED: expected 26348, got 39384
🔍 Match found at ngram_size 3: [11, 330, 95554] -> drafts [258, 6, 389, 264]
✅ Draft ACCEPTED: 258
✅ Draft ACCEPTED: 6
✅ Draft ACCEPTED: 389
✅ Draft ACCEPTED: 264
🔍 Match found at ngram_size 5: [258, 6, 389, 264, 54960] -> drafts [1, 553, 13481, 619]
✅ Draft ACCEPTED: 1
✅ Draft ACCEPTED: 553
✅ Draft ACCEPTED: 13481
✅ Draft ACCEPTED: 619
🔍 Match found at ngram_size 5: [1, 553, 13481, 619, 45088] -> drafts [11, 330, 10673, 6436]
✅ Draft ACCEPTED: 11
✅ Draft ACCEPTED: 330
❌ Draft REJECTED: expected 10673, got 52
🔍 Match found at ngram_size 3: [51110, 21048, 11] -> drafts [330, 6713, 944, 14215]
✅ Draft ACCEPTED: 330
❌ Draft REJECTED: expected 6713, got 4896
🔍 Match found at ngram_size 3: [330, 4896, 44951] -> drafts [6357, 1, 553, 33197]
✅ Draft ACCEPTED: 6357
✅ Draft ACCEPTED: 1
✅ Draft ACCEPTED: 553
✅ Draft ACCEPTED: 33197
🔍 Match found at ngram_size 5: [6357, 1, 553, 33197, 434] -> drafts [2382, 72, 323, 53446]
✅ Draft ACCEPTED: 2382
✅ Draft ACCEPTED: 72
❌ Draft REJECTED: expected 323, got 10482
🔍 Match found at ngram_size 3: [11, 330, 2016] -> drafts [726, 1084, 4114, 1]
✅ Draft ACCEPTED: 726
✅ Draft ACCEPTED: 1084
✅ Draft ACCEPTED: 4114
✅ Draft ACCEPTED: 1
🔍 Match found at ngram_size 5: [726, 1084, 4114, 1, 553] -> drafts [16439, 23670, 11, 323]
✅ Draft ACCEPTED: 16439
✅ Draft ACCEPTED: 23670
✅ Draft ACCEPTED: 11
❌ Draft REJECTED: expected 323, got 330
🔍 Match found at ngram_size 3: [1, 553, 16439] -> drafts [23670, 11, 330, 54]
✅ Draft ACCEPTED: 23670
✅ Draft ACCEPTED: 11
✅ Draft ACCEPTED: 330
❌ Draft REJECTED: expected 54, got 6713
🔍 Match found at ngram_size 3: [11, 330, 6713] -> drafts [944, 14215, 279, 73558]
✅ Draft ACCEPTED: 944
✅ Draft ACCEPTED: 14215
✅ Draft ACCEPTED: 279
✅ Draft ACCEPTED: 73558
🔍 Match found at ngram_size 5: [944, 14215, 279, 73558, 8958] -> drafts [553, 22467, 44148, 62110]
✅ Draft ACCEPTED: 553
✅ Draft ACCEPTED: 22467
✅ Draft ACCEPTED: 44148
✅ Draft ACCEPTED: 62110
🔍 Match found at ngram_size 5: [553, 22467, 44148, 62110, 11] -> drafts [330, 2016, 726, 1084]
✅ Draft ACCEPTED: 330
❌ Draft REJECTED: expected 2016, got 4923
🔍 Match found at ngram_size 3: [1, 553, 576] -> drafts [10348, 303, 11, 330]
✅ Draft ACCEPTED: 10348
✅ Draft ACCEPTED: 303
✅ Draft ACCEPTED: 11
✅ Draft ACCEPTED: 330
🔍 Match found at ngram_size 3: [422, 4284, 41139] -> drafts [64, 11, 330, 8784]
✅ Draft ACCEPTED: 64
✅ Draft ACCEPTED: 11
✅ Draft ACCEPTED: 330
❌ Draft REJECTED: expected 8784, got 3882
🔍 Match found at ngram_size 3: [70824, 11, 330] -> drafts [2304, 85, 49544, 1]
❌ Draft REJECTED: expected 2304, got 39
🔍 Match found at ngram_size 3: [11, 330, 3882] -> drafts [15965, 1, 553, 386]
✅ Draft ACCEPTED: 15965
✅ Draft ACCEPTED: 1
✅ Draft ACCEPTED: 553
✅ Draft ACCEPTED: 386
🔍 Match found at ngram_size 5: [15965, 1, 553, 386, 17801] -> drafts [70824, 11, 330, 39]
✅ Draft ACCEPTED: 70824
✅ Draft ACCEPTED: 11
✅ Draft ACCEPTED: 330
❌ Draft REJECTED: expected 39, got 34
🔍 Match found at ngram_size 3: [11, 330, 34] -> drafts [2672, 301, 18836, 1]
✅ Draft ACCEPTED: 2672
✅ Draft ACCEPTED: 301
✅ Draft ACCEPTED: 18836
✅ Draft ACCEPTED: 1
🔍 Match found at ngram_size 5: [2672, 301, 18836, 1, 553] -> drafts [15118, 53653, 10482, 13]
✅ Draft ACCEPTED: 15118
✅ Draft ACCEPTED: 53653
✅ Draft ACCEPTED: 10482
✅ Draft ACCEPTED: 13
🔍 Match found at ngram_size 5: [15118, 53653, 10482, 13, 422] -> drafts [4284, 41139, 64, 11]
✅ Draft ACCEPTED: 4284
✅ Draft ACCEPTED: 41139
✅ Draft ACCEPTED: 64
✅ Draft ACCEPTED: 11
🔍 Match found at ngram_size 5: [4284, 41139, 64, 11, 330] -> drafts [3882, 15965, 1, 553]
❌ Draft REJECTED: expected 3882, got 2304
🔍 Match found at ngram_size 3: [11, 330, 2304] -> drafts [85, 49544, 1, 553]
✅ Draft ACCEPTED: 85
✅ Draft ACCEPTED: 49544
✅ Draft ACCEPTED: 1
✅ Draft ACCEPTED: 553
🔍 Match found at ngram_size 5: [85, 49544, 1, 553, 422] -> drafts [4284, 41139, 64, 11]
✅ Draft ACCEPTED: 4284
✅ Draft ACCEPTED: 41139
✅ Draft ACCEPTED: 64
✅ Draft ACCEPTED: 11
🔍 Match found at ngram_size 5: [4284, 41139, 64, 11, 330] -> drafts [2304, 85, 49544, 1]
❌ Draft REJECTED: expected 2304, got 8784
🔍 Match found at ngram_size 5: [41139, 64, 11, 330, 8784] -> drafts [4615, 90914, 1, 553]
✅ Draft ACCEPTED: 4615
✅ Draft ACCEPTED: 90914
✅ Draft ACCEPTED: 1
✅ Draft ACCEPTED: 553
🔍 Match found at ngram_size 5: [4615, 90914, 1, 553, 576] -> drafts [10348, 303, 11, 330]
✅ Draft ACCEPTED: 10348
✅ Draft ACCEPTED: 303
✅ Draft ACCEPTED: 11
✅ Draft ACCEPTED: 330
🔍 Match found at ngram_size 5: [10348, 303, 11, 330, 28253] -> drafts [71118, 30919, 1, 553]
✅ Draft ACCEPTED: 71118
✅ Draft ACCEPTED: 30919
✅ Draft ACCEPTED: 1
✅ Draft ACCEPTED: 553
🔍 Match found at ngram_size 5: [71118, 30919, 1, 553, 13928] -> drafts [37370, 11, 330, 18284]
✅ Draft ACCEPTED: 37370
✅ Draft ACCEPTED: 11
✅ Draft ACCEPTED: 330
✅ Draft ACCEPTED: 18284
🔍 Match found at ngram_size 5: [37370, 11, 330, 18284, 13971] -> drafts [9536, 1, 553, 40478]
✅ Draft ACCEPTED: 9536
✅ Draft ACCEPTED: 1
✅ Draft ACCEPTED: 553
✅ Draft ACCEPTED: 40478
🔍 Match found at ngram_size 5: [9536, 1, 553, 40478, 38222] -> drafts [1599, 10482, 13, 32819]
✅ Draft ACCEPTED: 1599
✅ Draft ACCEPTED: 10482
✅ Draft ACCEPTED: 13
✅ Draft ACCEPTED: 32819
🔍 Match found at ngram_size 5: [1599, 10482, 13, 32819, 13255] -> drafts [70824, 11, 330, 2304]
✅ Draft ACCEPTED: 70824
✅ Draft ACCEPTED: 11
✅ Draft ACCEPTED: 330
❌ Draft REJECTED: expected 2304, got 3882
🔍 Match found at ngram_size 3: [11, 330, 3882] -> drafts [15965, 1, 553, 386]
✅ Draft ACCEPTED: 15965
✅ Draft ACCEPTED: 1
✅ Draft ACCEPTED: 553
✅ Draft ACCEPTED: 386
🔍 Match found at ngram_size 5: [15965, 1, 553, 386, 17801] -> drafts [70824, 11, 330, 34]
✅ Draft ACCEPTED: 70824
✅ Draft ACCEPTED: 11
✅ Draft ACCEPTED: 330
✅ Draft ACCEPTED: 34
🔍 Match found at ngram_size 5: [70824, 11, 330, 34, 2672] -> drafts [301, 18836, 1, 553]
✅ Draft ACCEPTED: 301
✅ Draft ACCEPTED: 18836
✅ Draft ACCEPTED: 1
✅ Draft ACCEPTED: 553
🔍 Match found at ngram_size 5: [301, 18836, 1, 553, 15118] -> drafts [53653, 10482, 13, 422]
✅ Draft ACCEPTED: 53653
✅ Draft ACCEPTED: 10482
✅ Draft ACCEPTED: 13
✅ Draft ACCEPTED: 422
🔍 Match found at ngram_size 5: [53653, 10482, 13, 422, 4284] -> drafts [41139, 64, 11, 330]
✅ Draft ACCEPTED: 41139
✅ Draft ACCEPTED: 64
✅ Draft ACCEPTED: 11
✅ Draft ACCEPTED: 330
🔍 Match found at ngram_size 5: [41139, 64, 11, 330, 2304] -> drafts [85, 49544, 1, 553]
✅ Draft ACCEPTED: 85
✅ Draft ACCEPTED: 49544
✅ Draft ACCEPTED: 1
✅ Draft ACCEPTED: 553
🔍 Match found at ngram_size 5: [85, 49544, 1, 553, 422] -> drafts [4284, 41139, 64, 11]
✅ Draft ACCEPTED: 4284
✅ Draft ACCEPTED: 41139
✅ Draft ACCEPTED: 64
✅ Draft ACCEPTED: 11
🔍 Match found at ngram_size 5: [4284, 41139, 64, 11, 330] -> drafts [2304, 85, 49544, 1]
❌ Draft REJECTED: expected 2304, got 8784
🔍 Match found at ngram_size 5: [41139, 64, 11, 330, 8784] -> drafts [4615, 90914, 1, 553]
✅ Draft ACCEPTED: 4615
✅ Draft ACCEPTED: 90914
✅ Draft ACCEPTED: 1
✅ Draft ACCEPTED: 553
🔍 Match found at ngram_size 5: [4615, 90914, 1, 553, 576] -> drafts [10348, 303, 11, 330]
✅ Draft ACCEPTED: 10348
✅ Draft ACCEPTED: 303
✅ Draft ACCEPTED: 11
✅ Draft ACCEPTED: 330
🔍 Match found at ngram_size 5: [10348, 303, 11, 330, 28253] -> drafts [71118, 30919, 1, 553]
✅ Draft ACCEPTED: 71118
✅ Draft ACCEPTED: 30919
✅ Draft ACCEPTED: 1
✅ Draft ACCEPTED: 553
🔍 Match found at ngram_size 5: [71118, 30919, 1, 553, 13928] -> drafts [37370, 11, 330, 18284]
✅ Draft ACCEPTED: 37370
✅ Draft ACCEPTED: 11
✅ Draft ACCEPTED: 330
✅ Draft ACCEPTED: 18284
🔍 Match found at ngram_size 5: [37370, 11, 330, 18284, 13971] -> drafts [9536, 1, 553, 40478]
✅ Draft ACCEPTED: 9536
✅ Draft ACCEPTED: 1
✅ Draft ACCEPTED: 553
✅ Draft ACCEPTED: 40478
🔍 Match found at ngram_size 5: [9536, 1, 553, 40478, 38222] -> drafts [1599, 10482, 13, 32819]
✅ Draft ACCEPTED: 1599
✅ Draft ACCEPTED: 10482
✅ Draft ACCEPTED: 13
✅ Draft ACCEPTED: 32819
🔍 Match found at ngram_size 5: [1599, 10482, 13, 32819, 13255] -> drafts [70824, 11, 330, 3882]
✅ Draft ACCEPTED: 70824
✅ Draft ACCEPTED: 11
✅ Draft ACCEPTED: 330
✅ Draft ACCEPTED: 3882
🔍 Match found at ngram_size 5: [70824, 11, 330, 3882, 15965] -> drafts [1, 553, 386, 17801]
✅ Draft ACCEPTED: 1
✅ Draft ACCEPTED: 553
✅ Draft ACCEPTED: 386
✅ Draft ACCEPTED: 17801
🔍 Match found at ngram_size 5: [1, 553, 386, 17801, 70824] -> drafts [11, 330, 34, 2672]
✅ Draft ACCEPTED: 11
✅ Draft ACCEPTED: 330
✅ Draft ACCEPTED: 34
✅ Draft ACCEPTED: 2672
🔍 Match found at ngram_size 5: [11, 330, 34, 2672, 301] -> drafts [18836, 1, 553, 15118]
✅ Draft ACCEPTED: 18836
✅ Draft ACCEPTED: 1
✅ Draft ACCEPTED: 553
✅ Draft ACCEPTED: 15118
🔍 Match found at ngram_size 5: [18836, 1, 553, 15118, 53653] -> drafts [10482, 13, 422, 4284]
✅ Draft ACCEPTED: 10482
✅ Draft ACCEPTED: 13
✅ Draft ACCEPTED: 422
✅ Draft ACCEPTED: 4284
🔍 Match found at ngram_size 5: [10482, 13, 422, 4284, 41139] -> drafts [64, 11, 330, 2304]
✅ Draft ACCEPTED: 64
✅ Draft ACCEPTED: 11
✅ Draft ACCEPTED: 330
✅ Draft ACCEPTED: 2304
🔍 Match found at ngram_size 5: [64, 11, 330, 2304, 85] -> drafts [49544, 1, 553, 422]
✅ Draft ACCEPTED: 49544
✅ Draft ACCEPTED: 1
✅ Draft ACCEPTED: 553
✅ Draft ACCEPTED: 422
🔍 Match found at ngram_size 5: [49544, 1, 553, 422, 4284] -> drafts [41139, 64, 11, 330]
✅ Draft ACCEPTED: 41139
✅ Draft ACCEPTED: 64
✅ Draft ACCEPTED: 11
✅ Draft ACCEPTED: 330
🔍 Match found at ngram_size 5: [41139, 64, 11, 330, 8784] -> drafts [4615, 90914, 1, 553]
✅ Draft ACCEPTED: 4615
✅ Draft ACCEPTED: 90914
✅ Draft ACCEPTED: 1
✅ Draft ACCEPTED: 553
🔍 Match found at ngram_size 5: [4615, 90914, 1, 553, 576] -> drafts [10348, 303, 11, 330]
✅ Draft ACCEPTED: 10348
✅ Draft ACCEPTED: 303
✅ Draft ACCEPTED: 11
✅ Draft ACCEPTED: 330
🔍 Match found at ngram_size 5: [10348, 303, 11, 330, 28253] -> drafts [71118, 30919, 1, 553]
✅ Draft ACCEPTED: 71118
✅ Draft ACCEPTED: 30919
✅ Draft ACCEPTED: 1
✅ Draft ACCEPTED: 553
🔍 Match found at ngram_size 5: [71118, 30919, 1, 553, 13928] -> drafts [37370, 11, 330, 18284]
✅ Draft ACCEPTED: 37370
✅ Draft ACCEPTED: 11
✅ Draft ACCEPTED: 330
✅ Draft ACCEPTED: 18284
🔍 Match found at ngram_size 5: [37370, 11, 330, 18284, 13971] -> drafts [9536, 1, 553, 40478]
✅ Draft ACCEPTED: 9536
✅ Draft ACCEPTED: 1
✅ Draft ACCEPTED: 553
✅ Draft ACCEPTED: 40478
🔍 Match found at ngram_size 5: [9536, 1, 553, 40478, 38222] -> drafts [1599, 10482, 13, 32819]
✅ Draft ACCEPTED: 1599
✅ Draft ACCEPTED: 10482
✅ Draft ACCEPTED: 13
✅ Draft ACCEPTED: 32819
🔍 Match found at ngram_size 5: [1599, 10482, 13, 32819, 13255] -> drafts [70824, 11, 330, 3882]
✅ Draft ACCEPTED: 70824
✅ Draft ACCEPTED: 11
✅ Draft ACCEPTED: 330
✅ Draft ACCEPTED: 3882
🔍 Match found at ngram_size 5: [70824, 11, 330, 3882, 15965] -> drafts [1, 553, 386, 17801]
✅ Draft ACCEPTED: 1
✅ Draft ACCEPTED: 553
✅ Draft ACCEPTED: 386
✅ Draft ACCEPTED: 17801
🔍 Match found at ngram_size 5: [1, 553, 386, 17801, 70824] -> drafts [11, 330, 34, 2672]
✅ Draft ACCEPTED: 11
✅ Draft ACCEPTED: 330
✅ Draft ACCEPTED: 34
✅ Draft ACCEPTED: 2672
🔍 Match found at ngram_size 5: [11, 330, 34, 2672, 301] -> drafts [18836, 1, 553, 15118]
✅ Draft ACCEPTED: 18836
✅ Draft ACCEPTED: 1
✅ Draft ACCEPTED: 553
✅ Draft ACCEPTED: 15118
🔍 Match found at ngram_size 5: [18836, 1, 553, 15118, 53653] -> drafts [10482, 13, 422, 4284]
✅ Draft ACCEPTED: 10482
✅ Draft ACCEPTED: 13
✅ Draft ACCEPTED: 422
✅ Draft ACCEPTED: 4284
🔍 Match found at ngram_size 5: [10482, 13, 422, 4284, 41139] -> drafts [64, 11, 330, 2304]
✅ Draft ACCEPTED: 64
✅ Draft ACCEPTED: 11
✅ Draft ACCEPTED: 330
✅ Draft ACCEPTED: 2304
🔍 Match found at ngram_size 5: [64, 11, 330, 2304, 85] -> drafts [49544, 1, 553, 422]
✅ Draft ACCEPTED: 49544
✅ Draft ACCEPTED: 1
✅ Draft ACCEPTED: 553
✅ Draft ACCEPTED: 422
🔍 Match found at ngram_size 5: [49544, 1, 553, 422, 4284] -> drafts [41139, 64, 11, 330]
✅ Draft ACCEPTED: 41139
✅ Draft ACCEPTED: 64
✅ Draft ACCEPTED: 11
✅ Draft ACCEPTED: 330
🔍 Match found at ngram_size 5: [41139, 64, 11, 330, 8784] -> drafts [4615, 90914, 1, 553]
✅ Draft ACCEPTED: 4615
✅ Draft ACCEPTED: 90914
✅ Draft ACCEPTED: 1
✅ Draft ACCEPTED: 553
🔍 Match found at ngram_size 5: [4615, 90914, 1, 553, 576] -> drafts [10348, 303, 11, 330]
✅ Draft ACCEPTED: 10348
✅ Draft ACCEPTED: 303
✅ Draft ACCEPTED: 11
✅ Draft ACCEPTED: 330
🔍 Match found at ngram_size 5: [10348, 303, 11, 330, 28253] -> drafts [71118, 30919, 1, 553]
✅ Draft ACCEPTED: 71118
✅ Draft ACCEPTED: 30919
✅ Draft ACCEPTED: 1
✅ Draft ACCEPTED: 553
🔍 Match found at ngram_size 5: [71118, 30919, 1, 553, 13928] -> drafts [37370, 11, 330, 18284]
✅ Draft ACCEPTED: 37370
✅ Draft ACCEPTED: 11
✅ Draft ACCEPTED: 330
✅ Draft ACCEPTED: 18284
🔍 Match found at ngram_size 5: [37370, 11, 330, 18284, 13971] -> drafts [9536, 1, 553, 40478]
✅ Draft ACCEPTED: 9536
✅ Draft ACCEPTED: 1
✅ Draft ACCEPTED: 553
✅ Draft ACCEPTED: 40478
🔍 Match found at ngram_size 5: [9536, 1, 553, 40478, 38222] -> drafts [1599, 10482, 13, 32819]
✅ Draft ACCEPTED: 1599
✅ Draft ACCEPTED: 10482
✅ Draft ACCEPTED: 13
✅ Draft ACCEPTED: 32819
🔍 Match found at ngram_size 5: [1599, 10482, 13, 32819, 13255] -> drafts [70824, 11, 330, 3882]
✅ Draft ACCEPTED: 70824
✅ Draft ACCEPTED: 11
✅ Draft ACCEPTED: 330
✅ Draft ACCEPTED: 3882
🔍 Match found at ngram_size 5: [70824, 11, 330, 3882, 15965] -> drafts [1, 553, 386, 17801]
✅ Draft ACCEPTED: 1
✅ Draft ACCEPTED: 553
✅ Draft ACCEPTED: 386
✅ Draft ACCEPTED: 17801
🔍 Match found at ngram_size 5: [1, 553, 386, 17801, 70824] -> drafts [11, 330, 34, 2672]
✅ Draft ACCEPTED: 11
✅ Draft ACCEPTED: 330
✅ Draft ACCEPTED: 34
✅ Draft ACCEPTED: 2672
🔍 Match found at ngram_size 5: [11, 330, 34, 2672, 301] -> drafts [18836, 1, 553, 15118]
✅ Draft ACCEPTED: 18836
✅ Draft ACCEPTED: 1
✅ Draft ACCEPTED: 553
✅ Draft ACCEPTED: 15118
🔍 Match found at ngram_size 5: [18836, 1, 553, 15118, 53653] -> drafts [10482, 13, 422, 4284]
✅ Draft ACCEPTED: 10482
✅ Draft ACCEPTED: 13
✅ Draft ACCEPTED: 422
✅ Draft ACCEPTED: 4284
🔍 Match found at ngram_size 5: [10482, 13, 422, 4284, 41139] -> drafts [64, 11, 330, 2304]
✅ Draft ACCEPTED: 64
✅ Draft ACCEPTED: 11
✅ Draft ACCEPTED: 330
✅ Draft ACCEPTED: 2304
🔍 Match found at ngram_size 5: [64, 11, 330, 2304, 85] -> drafts [49544, 1, 553, 422]
✅ Draft ACCEPTED: 49544
✅ Draft ACCEPTED: 1
✅ Draft ACCEPTED: 553
✅ Draft ACCEPTED: 422
🔍 Match found at ngram_size 5: [49544, 1, 553, 422, 4284] -> drafts [41139, 64, 11, 330]
✅ Draft ACCEPTED: 41139
✅ Draft ACCEPTED: 64
✅ Draft ACCEPTED: 11
✅ Draft ACCEPTED: 330
🔍 Match found at ngram_size 5: [41139, 64, 11, 330, 8784] -> drafts [4615, 90914, 1, 553]
✅ Draft ACCEPTED: 4615
✅ Draft ACCEPTED: 90914
✅ Draft ACCEPTED: 1
✅ Draft ACCEPTED: 553
🔍 Match found at ngram_size 5: [4615, 90914, 1, 553, 576] -> drafts [10348, 303, 11, 330]
✅ Draft ACCEPTED: 10348
✅ Draft ACCEPTED: 303
✅ Draft ACCEPTED: 11
✅ Draft ACCEPTED: 330
🔍 Match found at ngram_size 5: [10348, 303, 11, 330, 28253] -> drafts [71118, 30919, 1, 553]
✅ Draft ACCEPTED: 71118
✅ Draft ACCEPTED: 30919
✅ Draft ACCEPTED: 1
✅ Draft ACCEPTED: 553
🔍 Match found at ngram_size 5: [71118, 30919, 1, 553, 13928] -> drafts [37370, 11, 330, 18284]
✅ Draft ACCEPTED: 37370
✅ Draft ACCEPTED: 11
✅ Draft ACCEPTED: 330
✅ Draft ACCEPTED: 18284
🔍 Match found at ngram_size 5: [37370, 11, 330, 18284, 13971] -> drafts [9536, 1, 553, 40478]
✅ Draft ACCEPTED: 9536
✅ Draft ACCEPTED: 1
✅ Draft ACCEPTED: 553
✅ Draft ACCEPTED: 40478
🔍 Match found at ngram_size 5: [9536, 1, 553, 40478, 38222] -> drafts [1599, 10482, 13, 32819]
✅ Draft ACCEPTED: 1599
✅ Draft ACCEPTED: 10482
✅ Draft ACCEPTED: 13
✅ Draft ACCEPTED: 32819
🔍 Match found at ngram_size 5: [1599, 10482, 13, 32819, 13255] -> drafts [70824, 11, 330, 3882]
✅ Draft ACCEPTED: 70824
✅ Draft ACCEPTED: 11
✅ Draft ACCEPTED: 330
✅ Draft ACCEPTED: 3882
🔍 Match found at ngram_size 5: [70824, 11, 330, 3882, 15965] -> drafts [1, 553, 386, 17801]
✅ Draft ACCEPTED: 1
✅ Draft ACCEPTED: 553
✅ Draft ACCEPTED: 386
✅ Draft ACCEPTED: 17801
🔍 Match found at ngram_size 5: [1, 553, 386, 17801, 70824] -> drafts [11, 330, 34, 2672]
✅ Draft ACCEPTED: 11
✅ Draft ACCEPTED: 330
✅ Draft ACCEPTED: 34
✅ Draft ACCEPTED: 2672
🔍 Match found at ngram_size 5: [11, 330, 34, 2672, 301] -> drafts [18836, 1, 553, 15118]
✅ Draft ACCEPTED: 18836
✅ Draft ACCEPTED: 1
✅ Draft ACCEPTED: 553
✅ Draft ACCEPTED: 15118
🔍 Match found at ngram_size 5: [18836, 1, 553, 15118, 53653] -> drafts [10482, 13, 422, 4284]
✅ Draft ACCEPTED: 10482
✅ Draft ACCEPTED: 13
✅ Draft ACCEPTED: 422
✅ Draft ACCEPTED: 4284
🔍 Match found at ngram_size 5: [10482, 13, 422, 4284, 41139] -> drafts [64, 11, 330, 2304]
✅ Draft ACCEPTED: 64
✅ Draft ACCEPTED: 11
✅ Draft ACCEPTED: 330
✅ Draft ACCEPTED: 2304
🔍 Match found at ngram_size 5: [64, 11, 330, 2304, 85] -> drafts [49544, 1, 553, 422]
✅ Draft ACCEPTED: 49544
✅ Draft ACCEPTED: 1
✅ Draft ACCEPTED: 553
✅ Draft ACCEPTED: 422
🔍 Match found at ngram_size 5: [49544, 1, 553, 422, 4284] -> drafts [41139, 64, 11, 330]
✅ Draft ACCEPTED: 41139
✅ Draft ACCEPTED: 64
✅ Draft ACCEPTED: 11
✅ Draft ACCEPTED: 330
🔍 Match found at ngram_size 5: [41139, 64, 11, 330, 8784] -> drafts [4615, 90914, 1, 553]
✅ Draft ACCEPTED: 4615
✅ Draft ACCEPTED: 90914
✅ Draft ACCEPTED: 1
✅ Draft ACCEPTED: 553
🔍 Match found at ngram_size 5: [4615, 90914, 1, 553, 576] -> drafts [10348, 303, 11, 330]
✅ Draft ACCEPTED: 10348
✅ Draft ACCEPTED: 303
✅ Draft ACCEPTED: 11
✅ Draft ACCEPTED: 330
🔍 Match found at ngram_size 5: [10348, 303, 11, 330, 28253] -> drafts [71118, 30919, 1, 553]
✅ Draft ACCEPTED: 71118
✅ Draft ACCEPTED: 30919
✅ Draft ACCEPTED: 1
✅ Draft ACCEPTED: 553
🔍 Match found at ngram_size 5: [71118, 30919, 1, 553, 13928] -> drafts [37370, 11, 330, 18284]
✅ Draft ACCEPTED: 37370
✅ Draft ACCEPTED: 11
✅ Draft ACCEPTED: 330
✅ Draft ACCEPTED: 18284
🔍 Match found at ngram_size 5: [37370, 11, 330, 18284, 13971] -> drafts [9536, 1, 553, 40478]
✅ Draft ACCEPTED: 9536
✅ Draft ACCEPTED: 1
✅ Draft ACCEPTED: 553
✅ Draft ACCEPTED: 40478
🔍 Match found at ngram_size 5: [9536, 1, 553, 40478, 38222] -> drafts [1599, 10482, 13, 32819]
✅ Draft ACCEPTED: 1599
✅ Draft ACCEPTED: 10482
✅ Draft ACCEPTED: 13
✅ Draft ACCEPTED: 32819
🔍 Match found at ngram_size 5: [1599, 10482, 13, 32819, 13255] -> drafts [70824, 11, 330, 3882]
✅ Draft ACCEPTED: 70824
✅ Draft ACCEPTED: 11
✅ Draft ACCEPTED: 330
✅ Draft ACCEPTED: 3882
🔍 Match found at ngram_size 5: [70824, 11, 330, 3882, 15965] -> drafts [1, 553, 386, 17801]
✅ Draft ACCEPTED: 1
✅ Draft ACCEPTED: 553
✅ Draft ACCEPTED: 386
✅ Draft ACCEPTED: 17801
🔍 Match found at ngram_size 5: [1, 553, 386, 17801, 70824] -> drafts [11, 330, 34, 2672]
✅ Draft ACCEPTED: 11
✅ Draft ACCEPTED: 330
✅ Draft ACCEPTED: 34
✅ Draft ACCEPTED: 2672
🔍 Match found at ngram_size 5: [11, 330, 34, 2672, 301] -> drafts [18836, 1, 553, 15118]
✅ Draft ACCEPTED: 18836
✅ Draft ACCEPTED: 1
✅ Draft ACCEPTED: 553
✅ Draft ACCEPTED: 15118
🔍 Match found at ngram_size 5: [18836, 1, 553, 15118, 53653] -> drafts [10482, 13, 422, 4284]
✅ Draft ACCEPTED: 10482
✅ Draft ACCEPTED: 13
✅ Draft ACCEPTED: 422
✅ Draft ACCEPTED: 4284
🔍 Match found at ngram_size 5: [10482, 13, 422, 4284, 41139] -> drafts [64, 11, 330, 2304]
✅ Draft ACCEPTED: 64
✅ Draft ACCEPTED: 11
✅ Draft ACCEPTED: 330
✅ Draft ACCEPTED: 2304
🔍 Match found at ngram_size 5: [64, 11, 330, 2304, 85] -> drafts [49544, 1, 553, 422]
✅ Draft ACCEPTED: 49544
✅ Draft ACCEPTED: 1
✅ Draft ACCEPTED: 553
✅ Draft ACCEPTED: 422
🔍 Match found at ngram_size 5: [49544, 1, 553, 422, 4284] -> drafts [41139, 64, 11, 330]
✅ Draft ACCEPTED: 41139
✅ Draft ACCEPTED: 64
✅ Draft ACCEPTED: 11
✅ Draft ACCEPTED: 330
🔍 Match found at ngram_size 5: [41139, 64, 11, 330, 8784] -> drafts [4615, 90914, 1, 553]
✅ Draft ACCEPTED: 4615
✅ Draft ACCEPTED: 90914
✅ Draft ACCEPTED: 1
✅ Draft ACCEPTED: 553
🔍 Match found at ngram_size 5: [4615, 90914, 1, 553, 576] -> drafts [10348, 303, 11, 330]
✅ Draft ACCEPTED: 10348
✅ Draft ACCEPTED: 303
✅ Draft ACCEPTED: 11
✅ Draft ACCEPTED: 330
🔍 Match found at ngram_size 5: [10348, 303, 11, 330, 28253] -> drafts [71118, 30919, 1, 553]
✅ Draft ACCEPTED: 71118
✅ Draft ACCEPTED: 30919
✅ Draft ACCEPTED: 1
✅ Draft ACCEPTED: 553
🔍 Match found at ngram_size 5: [71118, 30919, 1, 553, 13928] -> drafts [37370, 11, 330, 18284]
✅ Draft ACCEPTED: 37370
✅ Draft ACCEPTED: 11
✅ Draft ACCEPTED: 330
✅ Draft ACCEPTED: 18284
🔍 Match found at ngram_size 5: [37370, 11, 330, 18284, 13971] -> drafts [9536, 1, 553, 40478]
✅ Draft ACCEPTED: 9536
✅ Draft ACCEPTED: 1
✅ Draft ACCEPTED: 553
✅ Draft ACCEPTED: 40478
🔍 Match found at ngram_size 5: [9536, 1, 553, 40478, 38222] -> drafts [1599, 10482, 13, 32819]
✅ Draft ACCEPTED: 1599
✅ Draft ACCEPTED: 10482
✅ Draft ACCEPTED: 13
✅ Draft ACCEPTED: 32819
🔍 Match found at ngram_size 5: [1599, 10482, 13, 32819, 13255] -> drafts [70824, 11, 330, 3882]
✅ Draft ACCEPTED: 70824
✅ Draft ACCEPTED: 11
✅ Draft ACCEPTED: 330
✅ Draft ACCEPTED: 3882
🔍 Match found at ngram_size 5: [70824, 11, 330, 3882, 15965] -> drafts [1, 553, 386, 17801]
✅ Draft ACCEPTED: 1
✅ Draft ACCEPTED: 553
✅ Draft ACCEPTED: 386
✅ Draft ACCEPTED: 17801
🔍 Match found at ngram_size 5: [1, 553, 386, 17801, 70824] -> drafts [11, 330, 34, 2672]
✅ Draft ACCEPTED: 11
✅ Draft ACCEPTED: 330
✅ Draft ACCEPTED: 34
✅ Draft ACCEPTED: 2672
🔍 Match found at ngram_size 5: [11, 330, 34, 2672, 301] -> drafts [18836, 1, 553, 15118]
✅ Draft ACCEPTED: 18836
✅ Draft ACCEPTED: 1
✅ Draft ACCEPTED: 553
✅ Draft ACCEPTED: 15118
🔍 Match found at ngram_size 5: [18836, 1, 553, 15118, 53653] -> drafts [10482, 13, 422, 4284]
✅ Draft ACCEPTED: 10482
✅ Draft ACCEPTED: 13
✅ Draft ACCEPTED: 422
✅ Draft ACCEPTED: 4284
🔍 Match found at ngram_size 5: [10482, 13, 422, 4284, 41139] -> drafts [64, 11, 330, 2304]
✅ Draft ACCEPTED: 64
✅ Draft ACCEPTED: 11
✅ Draft ACCEPTED: 330
✅ Draft ACCEPTED: 2304
🔍 Match found at ngram_size 5: [64, 11, 330, 2304, 85] -> drafts [49544, 1, 553, 422]
✅ Draft ACCEPTED: 49544
✅ Draft ACCEPTED: 1
✅ Draft ACCEPTED: 553
✅ Draft ACCEPTED: 422
🔍 Match found at ngram_size 5: [49544, 1, 553, 422, 4284] -> drafts [41139, 64, 11, 330]
✅ Draft ACCEPTED: 41139
✅ Draft ACCEPTED: 64
✅ Draft ACCEPTED: 11
✅ Draft ACCEPTED: 330
🔍 Match found at ngram_size 5: [41139, 64, 11, 330, 8784] -> drafts [4615, 90914, 1, 553]
✅ Draft ACCEPTED: 4615
✅ Draft ACCEPTED: 90914
✅ Draft ACCEPTED: 1
✅ Draft ACCEPTED: 553
🔍 Match found at ngram_size 5: [4615, 90914, 1, 553, 576] -> drafts [10348, 303, 11, 330]
✅ Draft ACCEPTED: 10348
✅ Draft ACCEPTED: 303
✅ Draft ACCEPTED: 11
✅ Draft ACCEPTED: 330
🔍 Match found at ngram_size 5: [10348, 303, 11, 330, 28253] -> drafts [71118, 30919, 1, 553]
✅ Draft ACCEPTED: 71118
✅ Draft ACCEPTED: 30919
✅ Draft ACCEPTED: 1
✅ Draft ACCEPTED: 553
🔍 Match found at ngram_size 5: [71118, 30919, 1, 553, 13928] -> drafts [37370, 11, 330, 18284]
✅ Draft ACCEPTED: 37370
✅ Draft ACCEPTED: 11
✅ Draft ACCEPTED: 330
✅ Draft ACCEPTED: 18284
🔍 Match found at ngram_size 5: [37370, 11, 330, 18284, 13971] -> drafts [9536, 1, 553, 40478]
✅ Draft ACCEPTED: 9536
✅ Draft ACCEPTED: 1
✅ Draft ACCEPTED: 553
✅ Draft ACCEPTED: 40478
🔍 Match found at ngram_size 5: [9536, 1, 553, 40478, 38222] -> drafts [1599, 10482, 13, 32819]
✅ Draft ACCEPTED: 1599
✅ Draft ACCEPTED: 10482
✅ Draft ACCEPTED: 13
✅ Draft ACCEPTED: 32819
🔍 Match found at ngram_size 5: [1599, 10482, 13, 32819, 13255] -> drafts [70824, 11, 330, 3882]
✅ Draft ACCEPTED: 70824
✅ Draft ACCEPTED: 11
✅ Draft ACCEPTED: 330
✅ Draft ACCEPTED: 3882
🔍 Match found at ngram_size 5: [70824, 11, 330, 3882, 15965] -> drafts [1, 553, 386, 17801]
✅ Draft ACCEPTED: 1
✅ Draft ACCEPTED: 553
✅ Draft ACCEPTED: 386
✅ Draft ACCEPTED: 17801
🔍 Match found at ngram_size 5: [1, 553, 386, 17801, 70824] -> drafts [11, 330, 34, 2672]
✅ Draft ACCEPTED: 11
✅ Draft ACCEPTED: 330
✅ Draft ACCEPTED: 34
✅ Draft ACCEPTED: 2672
🔍 Match found at ngram_size 5: [11, 330, 34, 2672, 301] -> drafts [18836, 1, 553, 15118]
✅ Draft ACCEPTED: 18836
✅ Draft ACCEPTED: 1
✅ Draft ACCEPTED: 553
✅ Draft ACCEPTED: 15118
🔍 Match found at ngram_size 5: [18836, 1, 553, 15118, 53653] -> drafts [10482, 13, 422, 4284]
✅ Draft ACCEPTED: 10482
✅ Draft ACCEPTED: 13
✅ Draft ACCEPTED: 422
✅ Draft ACCEPTED: 4284
🔍 Match found at ngram_size 5: [10482, 13, 422, 4284, 41139] -> drafts [64, 11, 330, 2304]
✅ Draft ACCEPTED: 64
✅ Draft ACCEPTED: 11
✅ Draft ACCEPTED: 330
✅ Draft ACCEPTED: 2304
🔍 Match found at ngram_size 5: [64, 11, 330, 2304, 85] -> drafts [49544, 1, 553, 422]
✅ Draft ACCEPTED: 49544
✅ Draft ACCEPTED: 1
✅ Draft ACCEPTED: 553
✅ Draft ACCEPTED: 422
🔍 Match found at ngram_size 5: [49544, 1, 553, 422, 4284] -> drafts [41139, 64, 11, 330]
✅ Draft ACCEPTED: 41139
✅ Draft ACCEPTED: 64
✅ Draft ACCEPTED: 11
✅ Draft ACCEPTED: 330
🔍 Match found at ngram_size 5: [41139, 64, 11, 330, 8784] -> drafts [4615, 90914, 1, 553]
✅ Draft ACCEPTED: 4615
✅ Draft ACCEPTED: 90914
✅ Draft ACCEPTED: 1
✅ Draft ACCEPTED: 553
🔍 Match found at ngram_size 5: [4615, 90914, 1, 553, 576] -> drafts [10348, 303, 11, 330]
✅ Draft ACCEPTED: 10348
✅ Draft ACCEPTED: 303
✅ Draft ACCEPTED: 11
✅ Draft ACCEPTED: 330
🔍 Match found at ngram_size 5: [10348, 303, 11, 330, 28253] -> drafts [71118, 30919, 1, 553]
✅ Draft ACCEPTED: 71118
✅ Draft ACCEPTED: 30919
✅ Draft ACCEPTED: 1
✅ Draft ACCEPTED: 553
🔍 Match found at ngram_size 5: [71118, 30919, 1, 553, 13928] -> drafts [37370, 11, 330, 18284]
✅ Draft ACCEPTED: 37370
✅ Draft ACCEPTED: 11
✅ Draft ACCEPTED: 330
✅ Draft ACCEPTED: 18284
🔍 Match found at ngram_size 5: [37370, 11, 330, 18284, 13971] -> drafts [9536, 1, 553, 40478]
✅ Draft ACCEPTED: 9536
✅ Draft ACCEPTED: 1
✅ Draft ACCEPTED: 553
✅ Draft ACCEPTED: 40478
🔍 Match found at ngram_size 5: [9536, 1, 553, 40478, 38222] -> drafts [1599, 10482, 13, 32819]
✅ Draft ACCEPTED: 1599
✅ Draft ACCEPTED: 10482
✅ Draft ACCEPTED: 13
✅ Draft ACCEPTED: 32819
🔍 Match found at ngram_size 5: [1599, 10482, 13, 32819, 13255] -> drafts [70824, 11, 330, 3882]
✅ Draft ACCEPTED: 70824
✅ Draft ACCEPTED: 11
✅ Draft ACCEPTED: 330
✅ Draft ACCEPTED: 3882
🔍 Match found at ngram_size 5: [70824, 11, 330, 3882, 15965] -> drafts [1, 553, 386, 17801]
✅ Draft ACCEPTED: 1
✅ Draft ACCEPTED: 553
✅ Draft ACCEPTED: 386
✅ Draft ACCEPTED: 17801
🔍 Match found at ngram_size 5: [1, 553, 386, 17801, 70824] -> drafts [11, 330, 34, 2672]
✅ Draft ACCEPTED: 11
✅ Draft ACCEPTED: 330
✅ Draft ACCEPTED: 34
✅ Draft ACCEPTED: 2672
🔍 Match found at ngram_size 5: [11, 330, 34, 2672, 301] -> drafts [18836, 1, 553, 15118]
✅ Draft ACCEPTED: 18836
✅ Draft ACCEPTED: 1
✅ Draft ACCEPTED: 553
✅ Draft ACCEPTED: 15118
🔍 Match found at ngram_size 5: [18836, 1, 553, 15118, 53653] -> drafts [10482, 13, 422, 4284]
✅ Draft ACCEPTED: 10482
✅ Draft ACCEPTED: 13
✅ Draft ACCEPTED: 422
✅ Draft ACCEPTED: 4284
🔍 Match found at ngram_size 5: [10482, 13, 422, 4284, 41139] -> drafts [64, 11, 330, 2304]
✅ Draft ACCEPTED: 64
✅ Draft ACCEPTED: 11
✅ Draft ACCEPTED: 330
✅ Draft ACCEPTED: 2304
🔍 Match found at ngram_size 5: [64, 11, 330, 2304, 85] -> drafts [49544, 1, 553, 422]
✅ Draft ACCEPTED: 49544
✅ Draft ACCEPTED: 1
✅ Draft ACCEPTED: 553
✅ Draft ACCEPTED: 422
🔍 Match found at ngram_size 5: [49544, 1, 553, 422, 4284] -> drafts [41139, 64, 11, 330]
✅ Draft ACCEPTED: 41139
✅ Draft ACCEPTED: 64
✅ Draft ACCEPTED: 11
✅ Draft ACCEPTED: 330
🔍 Match found at ngram_size 5: [41139, 64, 11, 330, 8784] -> drafts [4615, 90914, 1, 553]
✅ Draft ACCEPTED: 4615
✅ Draft ACCEPTED: 90914
✅ Draft ACCEPTED: 1
✅ Draft ACCEPTED: 553
🔍 Match found at ngram_size 5: [4615, 90914, 1, 553, 576] -> drafts [10348, 303, 11, 330]
✅ Draft ACCEPTED: 10348
✅ Draft ACCEPTED: 303
✅ Draft ACCEPTED: 11
✅ Draft ACCEPTED: 330
🔍 Match found at ngram_size 5: [10348, 303, 11, 330, 28253] -> drafts [71118, 30919, 1, 553]
✅ Draft ACCEPTED: 71118
✅ Draft ACCEPTED: 30919
✅ Draft ACCEPTED: 1
✅ Draft ACCEPTED: 553
🔍 Match found at ngram_size 5: [71118, 30919, 1, 553, 13928] -> drafts [37370, 11, 330, 18284]
✅ Draft ACCEPTED: 37370
✅ Draft ACCEPTED: 11
✅ Draft ACCEPTED: 330
✅ Draft ACCEPTED: 18284
🔍 Match found at ngram_size 5: [37370, 11, 330, 18284, 13971] -> drafts [9536, 1, 553, 40478]
✅ Draft ACCEPTED: 9536
✅ Draft ACCEPTED: 1
✅ Draft ACCEPTED: 553
✅ Draft ACCEPTED: 40478
🔍 Match found at ngram_size 5: [9536, 1, 553, 40478, 38222] -> drafts [1599, 10482, 13, 32819]
✅ Draft ACCEPTED: 1599
✅ Draft ACCEPTED: 10482
✅ Draft ACCEPTED: 13
✅ Draft ACCEPTED: 32819
🔍 Match found at ngram_size 5: [1599, 10482, 13, 32819, 13255] -> drafts [70824, 11, 330, 3882]
✅ Draft ACCEPTED: 70824
✅ Draft ACCEPTED: 11
✅ Draft ACCEPTED: 330
✅ Draft ACCEPTED: 3882
🔍 Match found at ngram_size 5: [70824, 11, 330, 3882, 15965] -> drafts [1, 553, 386, 17801]
✅ Draft ACCEPTED: 1
✅ Draft ACCEPTED: 553
✅ Draft ACCEPTED: 386
✅ Draft ACCEPTED: 17801
🔍 Match found at ngram_size 5: [1, 553, 386, 17801, 70824] -> drafts [11, 330, 34, 2672]
✅ Draft ACCEPTED: 11
✅ Draft ACCEPTED: 330
✅ Draft ACCEPTED: 34
✅ Draft ACCEPTED: 2672
🔍 Match found at ngram_size 5: [11, 330, 34, 2672, 301] -> drafts [18836, 1, 553, 15118]
✅ Draft ACCEPTED: 18836
✅ Draft ACCEPTED: 1
✅ Draft ACCEPTED: 553
✅ Draft ACCEPTED: 15118
🔍 Match found at ngram_size 5: [18836, 1, 553, 15118, 53653] -> drafts [10482, 13, 422, 4284]
✅ Draft ACCEPTED: 10482
✅ Draft ACCEPTED: 13
✅ Draft ACCEPTED: 422
✅ Draft ACCEPTED: 4284
🔍 Match found at ngram_size 5: [10482, 13, 422, 4284, 41139] -> drafts [64, 11, 330, 2304]
✅ Draft ACCEPTED: 64
✅ Draft ACCEPTED: 11
✅ Draft ACCEPTED: 330
✅ Draft ACCEPTED: 2304
🔍 Match found at ngram_size 5: [64, 11, 330, 2304, 85] -> drafts [49544, 1, 553, 422]
✅ Draft ACCEPTED: 49544
✅ Draft ACCEPTED: 1
✅ Draft ACCEPTED: 553
✅ Draft ACCEPTED: 422
🔍 Match found at ngram_size 5: [49544, 1, 553, 422, 4284] -> drafts [41139, 64, 11, 330]
✅ Draft ACCEPTED: 41139
✅ Draft ACCEPTED: 64
✅ Draft ACCEPTED: 11
✅ Draft ACCEPTED: 330
🔍 Match found at ngram_size 5: [41139, 64, 11, 330, 8784] -> drafts [4615, 90914, 1, 553]
✅ Draft ACCEPTED: 4615
✅ Draft ACCEPTED: 90914
✅ Draft ACCEPTED: 1
✅ Draft ACCEPTED: 553
🔍 Match found at ngram_size 5: [4615, 90914, 1, 553, 576] -> drafts [10348, 303, 11, 330]
✅ Draft ACCEPTED: 10348
✅ Draft ACCEPTED: 303
✅ Draft ACCEPTED: 11
✅ Draft ACCEPTED: 330
🔍 Match found at ngram_size 5: [10348, 303, 11, 330, 28253] -> drafts [71118, 30919, 1, 553]
✅ Draft ACCEPTED: 71118
✅ Draft ACCEPTED: 30919
✅ Draft ACCEPTED: 1
✅ Draft ACCEPTED: 553
🔍 Match found at ngram_size 5: [71118, 30919, 1, 553, 13928] -> drafts [37370, 11, 330, 18284]
✅ Draft ACCEPTED: 37370
✅ Draft ACCEPTED: 11
✅ Draft ACCEPTED: 330
✅ Draft ACCEPTED: 18284
🔍 Match found at ngram_size 5: [37370, 11, 330, 18284, 13971] -> drafts [9536, 1, 553, 40478]
✅ Draft ACCEPTED: 9536
✅ Draft ACCEPTED: 1
✅ Draft ACCEPTED: 553
✅ Draft ACCEPTED: 40478
🔍 Match found at ngram_size 5: [9536, 1, 553, 40478, 38222] -> drafts [1599, 10482, 13, 32819]
✅ Draft ACCEPTED: 1599
✅ Draft ACCEPTED: 10482
✅ Draft ACCEPTED: 13
✅ Draft ACCEPTED: 32819
🔍 Match found at ngram_size 5: [1599, 10482, 13, 32819, 13255] -> drafts [70824, 11, 330, 3882]
✅ Draft ACCEPTED: 70824
✅ Draft ACCEPTED: 11
✅ Draft ACCEPTED: 330
✅ Draft ACCEPTED: 3882
🔍 Match found at ngram_size 5: [70824, 11, 330, 3882, 15965] -> drafts [1, 553, 386, 17801]
✅ Draft ACCEPTED: 1
✅ Draft ACCEPTED: 553
✅ Draft ACCEPTED: 386
✅ Draft ACCEPTED: 17801
🔍 Match found at ngram_size 5: [1, 553, 386, 17801, 70824] -> drafts [11, 330, 34, 2672]
✅ Draft ACCEPTED: 11
✅ Draft ACCEPTED: 330
✅ Draft ACCEPTED: 34
✅ Draft ACCEPTED: 2672
🔍 Match found at ngram_size 5: [11, 330, 34, 2672, 301] -> drafts [18836, 1, 553, 15118]
✅ Draft ACCEPTED: 18836
✅ Draft ACCEPTED: 1
✅ Draft ACCEPTED: 553
✅ Draft ACCEPTED: 15118
🔍 Match found at ngram_size 5: [18836, 1, 553, 15118, 53653] -> drafts [10482, 13, 422, 4284]
✅ Draft ACCEPTED: 10482
✅ Draft ACCEPTED: 13
✅ Draft ACCEPTED: 422
✅ Draft ACCEPTED: 4284
🔍 Match found at ngram_size 5: [10482, 13, 422, 4284, 41139] -> drafts [64, 11, 330, 2304]
✅ Draft ACCEPTED: 64
✅ Draft ACCEPTED: 11
✅ Draft ACCEPTED: 330
✅ Draft ACCEPTED: 2304
🔍 Match found at ngram_size 5: [64, 11, 330, 2304, 85] -> drafts [49544, 1, 553, 422]
✅ Draft ACCEPTED: 49544
✅ Draft ACCEPTED: 1
✅ Draft ACCEPTED: 553
✅ Draft ACCEPTED: 422
🔍 Match found at ngram_size 5: [49544, 1, 553, 422, 4284] -> drafts [41139, 64, 11, 330]
✅ Draft ACCEPTED: 41139
✅ Draft ACCEPTED: 64
✅ Draft ACCEPTED: 11
✅ Draft ACCEPTED: 330
🔍 Match found at ngram_size 5: [41139, 64, 11, 330, 8784] -> drafts [4615, 90914, 1, 553]
✅ Draft ACCEPTED: 4615
✅ Draft ACCEPTED: 90914
✅ Draft ACCEPTED: 1
✅ Draft ACCEPTED: 553
🔍 Match found at ngram_size 5: [4615, 90914, 1, 553, 576] -> drafts [10348, 303, 11, 330]
✅ Draft ACCEPTED: 10348
✅ Draft ACCEPTED: 303
✅ Draft ACCEPTED: 11
✅ Draft ACCEPTED: 330
🔍 Match found at ngram_size 5: [10348, 303, 11, 330, 28253] -> drafts [71118, 30919, 1, 553]
✅ Draft ACCEPTED: 71118
✅ Draft ACCEPTED: 30919
✅ Draft ACCEPTED: 1
✅ Draft ACCEPTED: 553
🔍 Match found at ngram_size 5: [71118, 30919, 1, 553, 13928] -> drafts [37370, 11, 330, 18284]
✅ Draft ACCEPTED: 37370
✅ Draft ACCEPTED: 11
✅ Draft ACCEPTED: 330
✅ Draft ACCEPTED: 18284
🔍 Match found at ngram_size 5: [37370, 11, 330, 18284, 13971] -> drafts [9536, 1, 553, 40478]
✅ Draft ACCEPTED: 9536
✅ Draft ACCEPTED: 1
✅ Draft ACCEPTED: 553
✅ Draft ACCEPTED: 40478
🔍 Match found at ngram_size 5: [9536, 1, 553, 40478, 38222] -> drafts [1599, 10482, 13, 32819]
✅ Draft ACCEPTED: 1599
✅ Draft ACCEPTED: 10482
✅ Draft ACCEPTED: 13
✅ Draft ACCEPTED: 32819
🔍 Match found at ngram_size 5: [1599, 10482, 13, 32819, 13255] -> drafts [70824, 11, 330, 3882]
✅ Draft ACCEPTED: 70824
✅ Draft ACCEPTED: 11
✅ Draft ACCEPTED: 330
✅ Draft ACCEPTED: 3882
🔍 Match found at ngram_size 5: [70824, 11, 330, 3882, 15965] -> drafts [1, 553, 386, 17801]
✅ Draft ACCEPTED: 1
✅ Draft ACCEPTED: 553
✅ Draft ACCEPTED: 386
✅ Draft ACCEPTED: 17801
🔍 Match found at ngram_size 5: [1, 553, 386, 17801, 70824] -> drafts [11, 330, 34, 2672]
✅ Draft ACCEPTED: 11
✅ Draft ACCEPTED: 330
✅ Draft ACCEPTED: 34
✅ Draft ACCEPTED: 2672
🔍 Match found at ngram_size 5: [11, 330, 34, 2672, 301] -> drafts [18836, 1, 553, 15118]
✅ Draft ACCEPTED: 18836
✅ Draft ACCEPTED: 1
✅ Draft ACCEPTED: 553
✅ Draft ACCEPTED: 15118
🔍 Match found at ngram_size 5: [18836, 1, 553, 15118, 53653] -> drafts [10482, 13, 422, 4284]
✅ Draft ACCEPTED: 10482
✅ Draft ACCEPTED: 13
✅ Draft ACCEPTED: 422
✅ Draft ACCEPTED: 4284
🔍 Match found at ngram_size 5: [10482, 13, 422, 4284, 41139] -> drafts [64, 11, 330, 2304]
✅ Draft ACCEPTED: 64
✅ Draft ACCEPTED: 11
✅ Draft ACCEPTED: 330
✅ Draft ACCEPTED: 2304
🔍 Match found at ngram_size 5: [64, 11, 330, 2304, 85] -> drafts [49544, 1, 553, 422]
✅ Draft ACCEPTED: 49544
✅ Draft ACCEPTED: 1
✅ Draft ACCEPTED: 553
✅ Draft ACCEPTED: 422
🔍 Match found at ngram_size 5: [49544, 1, 553, 422, 4284] -> drafts [41139, 64, 11, 330]
✅ Draft ACCEPTED: 41139
✅ Draft ACCEPTED: 64
✅ Draft ACCEPTED: 11
✅ Draft ACCEPTED: 330
🔍 Match found at ngram_size 5: [41139, 64, 11, 330, 8784] -> drafts [4615, 90914, 1, 553]
✅ Draft ACCEPTED: 4615
✅ Draft ACCEPTED: 90914
✅ Draft ACCEPTED: 1
✅ Draft ACCEPTED: 553
🔍 Match found at ngram_size 5: [4615, 90914, 1, 553, 576] -> drafts [10348, 303, 11, 330]
✅ Draft ACCEPTED: 10348
✅ Draft ACCEPTED: 303
✅ Draft ACCEPTED: 11
✅ Draft ACCEPTED: 330
🔍 Match found at ngram_size 5: [10348, 303, 11, 330, 28253] -> drafts [71118, 30919, 1, 553]
✅ Draft ACCEPTED: 71118
✅ Draft ACCEPTED: 30919
✅ Draft ACCEPTED: 1
✅ Draft ACCEPTED: 553
🔍 Match found at ngram_size 5: [71118, 30919, 1, 553, 13928] -> drafts [37370, 11, 330, 18284]
✅ Draft ACCEPTED: 37370
✅ Draft ACCEPTED: 11
✅ Draft ACCEPTED: 330
✅ Draft ACCEPTED: 18284
🔍 Match found at ngram_size 5: [37370, 11, 330, 18284, 13971] -> drafts [9536, 1, 553, 40478]
✅ Draft ACCEPTED: 9536
✅ Draft ACCEPTED: 1
✅ Draft ACCEPTED: 553
✅ Draft ACCEPTED: 40478
🔍 Match found at ngram_size 5: [9536, 1, 553, 40478, 38222] -> drafts [1599, 10482, 13, 32819]
✅ Draft ACCEPTED: 1599
✅ Draft ACCEPTED: 10482
✅ Draft ACCEPTED: 13
✅ Draft ACCEPTED: 32819
🔍 Match found at ngram_size 5: [1599, 10482, 13, 32819, 13255] -> drafts [70824, 11, 330, 3882]
✅ Draft ACCEPTED: 70824
✅ Draft ACCEPTED: 11
✅ Draft ACCEPTED: 330
✅ Draft ACCEPTED: 3882
🔍 Match found at ngram_size 5: [70824, 11, 330, 3882, 15965] -> drafts [1, 553, 386, 17801]
✅ Draft ACCEPTED: 1
✅ Draft ACCEPTED: 553
✅ Draft ACCEPTED: 386
✅ Draft ACCEPTED: 17801
🔍 Match found at ngram_size 5: [1, 553, 386, 17801, 70824] -> drafts [11, 330, 34, 2672]
✅ Draft ACCEPTED: 11
✅ Draft ACCEPTED: 330
✅ Draft ACCEPTED: 34
✅ Draft ACCEPTED: 2672
🔍 Match found at ngram_size 5: [11, 330, 34, 2672, 301] -> drafts [18836, 1, 553, 15118]
✅ Draft ACCEPTED: 18836
✅ Draft ACCEPTED: 1
✅ Draft ACCEPTED: 553
✅ Draft ACCEPTED: 15118
🔍 Match found at ngram_size 5: [18836, 1, 553, 15118, 53653] -> drafts [10482, 13, 422, 4284]
✅ Draft ACCEPTED: 10482
✅ Draft ACCEPTED: 13
✅ Draft ACCEPTED: 422
✅ Draft ACCEPTED: 4284
🔍 Match found at ngram_size 5: [10482, 13, 422, 4284, 41139] -> drafts [64, 11, 330, 2304]
✅ Draft ACCEPTED: 64
✅ Draft ACCEPTED: 11
✅ Draft ACCEPTED: 330
✅ Draft ACCEPTED: 2304
🔍 Match found at ngram_size 5: [64, 11, 330, 2304, 85] -> drafts [49544, 1, 553, 422]
✅ Draft ACCEPTED: 49544
✅ Draft ACCEPTED: 1
✅ Draft ACCEPTED: 553
✅ Draft ACCEPTED: 422
🔍 Match found at ngram_size 5: [49544, 1, 553, 422, 4284] -> drafts [41139, 64, 11, 330]
✅ Draft ACCEPTED: 41139
✅ Draft ACCEPTED: 64
✅ Draft ACCEPTED: 11
✅ Draft ACCEPTED: 330
🔍 Match found at ngram_size 5: [41139, 64, 11, 330, 8784] -> drafts [4615, 90914, 1, 553]
✅ Draft ACCEPTED: 4615
✅ Draft ACCEPTED: 90914
✅ Draft ACCEPTED: 1
✅ Draft ACCEPTED: 553
🔍 Match found at ngram_size 5: [4615, 90914, 1, 553, 576] -> drafts [10348, 303, 11, 330]
✅ Draft ACCEPTED: 10348
✅ Draft ACCEPTED: 303
✅ Draft ACCEPTED: 11
✅ Draft ACCEPTED: 330
🔍 Match found at ngram_size 5: [10348, 303, 11, 330, 28253] -> drafts [71118, 30919, 1, 553]
✅ Draft ACCEPTED: 71118
✅ Draft ACCEPTED: 30919
✅ Draft ACCEPTED: 1
✅ Draft ACCEPTED: 553
🔍 Match found at ngram_size 5: [71118, 30919, 1, 553, 13928] -> drafts [37370, 11, 330, 18284]
✅ Draft ACCEPTED: 37370
✅ Draft ACCEPTED: 11
✅ Draft ACCEPTED: 330
✅ Draft ACCEPTED: 18284
🔍 Match found at ngram_size 5: [37370, 11, 330, 18284, 13971] -> drafts [9536, 1, 553, 40478]
✅ Draft ACCEPTED: 9536
✅ Draft ACCEPTED: 1
✅ Draft ACCEPTED: 553
✅ Draft ACCEPTED: 40478
🔍 Match found at ngram_size 5: [9536, 1, 553, 40478, 38222] -> drafts [1599, 10482, 13, 32819]
✅ Draft ACCEPTED: 1599
✅ Draft ACCEPTED: 10482
✅ Draft ACCEPTED: 13
✅ Draft ACCEPTED: 32819

=== Lookahead Session: 1779811704 ===
🔍 Match found at ngram_size 3: [1909, 220, 20] -> drafts [15, 1429, 5411, 11674]
✅ Draft ACCEPTED: 15
✅ Draft ACCEPTED: 1429
✅ Draft ACCEPTED: 5411
✅ Draft ACCEPTED: 11674
🔍 Match found at ngram_size 5: [15, 1429, 5411, 11674, 1140] -> drafts [13]
✅ Draft ACCEPTED: 13
🔍 Match found at ngram_size 3: [11, 279, 1196] -> drafts [6801, 279, 1909, 220]
❌ Draft REJECTED: expected 6801, got 9733
🔍 Match found at ngram_size 3: [220, 20, 15] -> drafts [1429, 5411, 11674, 1140]
✅ Draft ACCEPTED: 1429
✅ Draft ACCEPTED: 5411
✅ Draft ACCEPTED: 11674
✅ Draft ACCEPTED: 1140
🔍 Match found at ngram_size 3: [279, 1909, 220] -> drafts [20, 15, 1429, 5411]
✅ Draft ACCEPTED: 20
✅ Draft ACCEPTED: 15
❌ Draft REJECTED: expected 1429, got 11674
🔍 Match found at ngram_size 3: [13, 4354, 11] -> drafts [279, 1196, 9733, 330]
✅ Draft ACCEPTED: 279
❌ Draft REJECTED: expected 1196, got 66193
🔍 Match found at ngram_size 3: [279, 66193, 8007] -> drafts [220, 16, 15, 15]
✅ Draft ACCEPTED: 220
✅ Draft ACCEPTED: 16
✅ Draft ACCEPTED: 15
✅ Draft ACCEPTED: 15
🔍 Match found at ngram_size 5: [220, 16, 15, 15, 374] -> drafts [264, 3598, 9487, 369]
✅ Draft ACCEPTED: 264
❌ Draft REJECTED: expected 3598, got 14720
🔍 Match found at ngram_size 3: [11, 358, 1184] -> drafts [311, 37163, 1128, 330]
✅ Draft ACCEPTED: 311
❌ Draft REJECTED: expected 37163, got 1281
🔍 Match found at ngram_size 3: [66193, 8007, 220] -> drafts [16, 15, 15, 374]
✅ Draft ACCEPTED: 16
✅ Draft ACCEPTED: 15
✅ Draft ACCEPTED: 15
❌ Draft REJECTED: expected 374, got 323
🔍 Match found at ngram_size 3: [11, 358, 3278] -> drafts [728, 448, 9487, 821]
❌ Draft REJECTED: expected 728, got 614
🔍 Match found at ngram_size 3: [11, 279, 1196] -> drafts [9733, 330, 3481, 220]
❌ Draft REJECTED: expected 9733, got 2578
🔍 Match found at ngram_size 3: [279, 1196, 2578] -> drafts [387, 3330, 369, 264]
✅ Draft ACCEPTED: 387
❌ Draft REJECTED: expected 3330, got 22023
🔍 Match found at ngram_size 3: [22023, 311, 279] -> drafts [1909, 220, 20, 15]
✅ Draft ACCEPTED: 1909
✅ Draft ACCEPTED: 220
✅ Draft ACCEPTED: 20
✅ Draft ACCEPTED: 15
🔍 Match found at ngram_size 5: [1909, 220, 20, 15, 11674] -> drafts [389, 894, 9487, 11]
❌ Draft REJECTED: expected 389, got 304
🔍 Match found at ngram_size 3: [11, 358, 3278] -> drafts [614, 311, 17188, 389]
❌ Draft REJECTED: expected 614, got 3410
🔍 Match found at ngram_size 3: [1140, 315, 1909] -> drafts [11674, 382, 92014, 11]
✅ Draft ACCEPTED: 11674
❌ Draft REJECTED: expected 382, got 3941
🔍 Match found at ngram_size 3: [1429, 5411, 11674] -> drafts [1140, 1335, 892, 2578]
❌ Draft REJECTED: expected 1140, got 429
🔍 Match found at ngram_size 3: [11674, 429, 614] -> drafts [1012, 7945, 5411, 304]
✅ Draft ACCEPTED: 1012
❌ Draft REJECTED: expected 7945, got 389
🔍 Match found at ngram_size 3: [614, 1012, 389] -> drafts [432, 369, 264, 5089]
❌ Draft REJECTED: expected 432, got 279
🔍 Match found at ngram_size 3: [279, 1196, 3207] -> drafts [944, 13837, 11, 358]
✅ Draft ACCEPTED: 944
❌ Draft REJECTED: expected 13837, got 6286
🔍 Match found at ngram_size 3: [279, 1196, 2578] -> drafts [387, 22023, 311, 279]
✅ Draft ACCEPTED: 387
❌ Draft REJECTED: expected 22023, got 3330
🔍 Match found at ngram_size 5: [279, 1196, 2578, 387, 3330] -> drafts [369, 264, 1140, 315]
✅ Draft ACCEPTED: 369
❌ Draft REJECTED: expected 264, got 11674
🔍 Match found at ngram_size 3: [11674, 429, 614] -> drafts [1012, 389, 279, 26131]
✅ Draft ACCEPTED: 1012
✅ Draft ACCEPTED: 389
✅ Draft ACCEPTED: 279
✅ Draft ACCEPTED: 26131
🔍 Match found at ngram_size 5: [1012, 389, 279, 26131, 369] -> drafts [264, 1393, 382, 40]
❌ Draft REJECTED: expected 264, got 5248
🔍 Match found at ngram_size 3: [13, 1988, 1549] -> drafts [11, 279, 3239, 3171]
✅ Draft ACCEPTED: 11
❌ Draft REJECTED: expected 279, got 2041
🔍 Match found at ngram_size 3: [821, 11, 358] -> drafts [3278, 614, 311, 17188]
❌ Draft REJECTED: expected 3278, got 646
🔍 Match found at ngram_size 3: [358, 646, 944] -> drafts [2615, 3887, 821, 11]
❌ Draft REJECTED: expected 2615, got 7683
🔍 Match found at ngram_size 3: [11, 358, 1184] -> drafts [311, 1281, 2704, 358]
✅ Draft ACCEPTED: 311
❌ Draft REJECTED: expected 1281, got 19192
🔍 Match found at ngram_size 3: [264, 1140, 315] -> drafts [11674, 429, 614, 1012]
❌ Draft REJECTED: expected 11674, got 279
🔍 Match found at ngram_size 3: [279, 1909, 220] -> drafts [20, 15, 11674, 304]
✅ Draft ACCEPTED: 20
✅ Draft ACCEPTED: 15
✅ Draft ACCEPTED: 11674
❌ Draft REJECTED: expected 304, got 13
🔍 Match found at ngram_size 3: [11674, 13, 358] -> drafts [1265, 1401, 518, 279]
❌ Draft REJECTED: expected 1265, got 3278
🔍 Match found at ngram_size 3: [279, 1429, 5411] -> drafts [11674, 429, 614, 1012]
✅ Draft ACCEPTED: 11674
❌ Draft REJECTED: expected 429, got 504
🔍 Match found at ngram_size 3: [13, 358, 3278] -> drafts [1191, 553, 88646, 1045]
❌ Draft REJECTED: expected 1191, got 1083
🔍 Match found at ngram_size 3: [11674, 429, 614] -> drafts [1012, 389, 279, 26131]
❌ Draft REJECTED: expected 1012, got 1030
🔍 Match found at ngram_size 3: [11, 279, 1196] -> drafts [2578, 387, 22023, 311]
✅ Draft ACCEPTED: 2578
❌ Draft REJECTED: expected 387, got 1366
🔍 Match found at ngram_size 3: [304, 264, 3953] -> drafts [17328, 13, 1988, 1549]
❌ Draft REJECTED: expected 17328, got 1973
🔍 Match found at ngram_size 3: [279, 66193, 8007] -> drafts [220, 16, 15, 15]
✅ Draft ACCEPTED: 220
✅ Draft ACCEPTED: 16
✅ Draft ACCEPTED: 15
✅ Draft ACCEPTED: 15
🔍 Match found at ngram_size 5: [220, 16, 15, 15, 374] -> drafts [264, 14720, 2530, 369]
❌ Draft REJECTED: expected 264, got 279
🔍 Match found at ngram_size 3: [13, 4354, 11] -> drafts [279, 66193, 8007, 220]
❌ Draft REJECTED: expected 279, got 2474
🔍 Match found at ngram_size 3: [2474, 358, 646] -> drafts [944, 2615, 3887, 821]
✅ Draft ACCEPTED: 944
✅ Draft ACCEPTED: 2615
✅ Draft ACCEPTED: 3887
✅ Draft ACCEPTED: 821
🔍 Match found at ngram_size 5: [944, 2615, 3887, 821, 11] -> drafts [358, 3278, 614, 311]
✅ Draft ACCEPTED: 358
❌ Draft REJECTED: expected 3278, got 646
🔍 Match found at ngram_size 4: [821, 11, 358, 646] -> drafts [944, 7683, 429, 382]
✅ Draft ACCEPTED: 944
❌ Draft REJECTED: expected 7683, got 3410
🔍 Match found at ngram_size 3: [382, 92014, 11] -> drafts [279, 1196, 2578, 387]
✅ Draft ACCEPTED: 279
✅ Draft ACCEPTED: 1196
✅ Draft ACCEPTED: 2578
✅ Draft ACCEPTED: 387
🔍 Match found at ngram_size 5: [279, 1196, 2578, 387, 3330] -> drafts [369, 11674, 429, 614]
✅ Draft ACCEPTED: 369
❌ Draft REJECTED: expected 11674, got 279
🔍 Match found at ngram_size 3: [279, 1909, 220] -> drafts [20, 15, 11674, 13]
✅ Draft ACCEPTED: 20
✅ Draft ACCEPTED: 15
✅ Draft ACCEPTED: 11674
❌ Draft REJECTED: expected 13, got 315
🔍 Match found at ngram_size 3: [11, 714, 429] -> drafts [594, 264, 2699, 54761]
✅ Draft ACCEPTED: 594
✅ Draft ACCEPTED: 264
❌ Draft REJECTED: expected 2699, got 2155
🔍 Match found at ngram_size 3: [5411, 11674, 1140] -> drafts [1335, 892, 2578, 2924]
✅ Draft ACCEPTED: 1335
✅ Draft ACCEPTED: 892
❌ Draft REJECTED: expected 2578, got 1410
🔍 Match found at ngram_size 3: [9487, 2385, 7008] -> drafts [11674, 382, 14190, 11]
✅ Draft ACCEPTED: 11674
❌ Draft REJECTED: expected 382, got 476
🔍 Match found at ngram_size 3: [11, 432, 594] -> drafts [2588, 311, 15026, 432]
❌ Draft REJECTED: expected 2588, got 17003
🔍 Match found at ngram_size 3: [3151, 821, 11] -> drafts [358, 646, 944, 7683]
✅ Draft ACCEPTED: 358
❌ Draft REJECTED: expected 646, got 3278
🔍 Match found at ngram_size 4: [821, 11, 358, 3278] -> drafts [614, 311, 17188, 389]
❌ Draft REJECTED: expected 614, got 3410
🔍 Match found at ngram_size 4: [11, 358, 3278, 3410] -> drafts [264, 4586, 1140, 315]
✅ Draft ACCEPTED: 264
❌ Draft REJECTED: expected 4586, got 1140
🔍 Match found at ngram_size 3: [264, 1140, 315] -> drafts [279, 1909, 220, 20]
✅ Draft ACCEPTED: 279
❌ Draft REJECTED: expected 1909, got 1429
🔍 Match found at ngram_size 3: [315, 279, 1429] -> drafts [5411, 11674, 504, 3213]
✅ Draft ACCEPTED: 5411
✅ Draft ACCEPTED: 11674
❌ Draft REJECTED: expected 504, got 3118
🔍 Match found at ngram_size 3: [13, 358, 3278] -> drafts [1083, 2908, 11674, 429]
❌ Draft REJECTED: expected 1083, got 2924
🔍 Match found at ngram_size 3: [11674, 429, 614] -> drafts [1030, 1293, 64165, 22538]
❌ Draft REJECTED: expected 1030, got 1012
🔍 Match found at ngram_size 4: [11674, 429, 614, 1012] -> drafts [389, 279, 26131, 369]
✅ Draft ACCEPTED: 389
✅ Draft ACCEPTED: 279
✅ Draft ACCEPTED: 26131
✅ Draft ACCEPTED: 369
🔍 Match found at ngram_size 3: [358, 1184, 311] -> drafts [19192, 264, 1140, 315]
❌ Draft REJECTED: expected 19192, got 1281
🔍 Match found at ngram_size 4: [358, 1184, 311, 1281] -> drafts [2704, 358, 2924, 279]
✅ Draft ACCEPTED: 2704
❌ Draft REJECTED: expected 358, got 279
🔍 Match found at ngram_size 3: [358, 646, 944] -> drafts [3410, 279, 4734, 1482]
❌ Draft REJECTED: expected 3410, got 2615
🔍 Match found at ngram_size 4: [358, 646, 944, 2615] -> drafts [3887, 821, 11, 358]
✅ Draft ACCEPTED: 3887
✅ Draft ACCEPTED: 821
✅ Draft ACCEPTED: 11
✅ Draft ACCEPTED: 358
🔍 Match found at ngram_size 3: [13, 4354, 11] -> drafts [2474, 358, 646, 944]
❌ Draft REJECTED: expected 2474, got 358
🔍 Match found at ngram_size 3: [11, 358, 646] -> drafts [944, 3410, 279, 4734]
❌ Draft REJECTED: expected 944, got 1430
🔍 Match found at ngram_size 3: [1191, 553, 88646] -> drafts [1045, 315, 279, 1429]
✅ Draft ACCEPTED: 1045
✅ Draft ACCEPTED: 315
✅ Draft ACCEPTED: 279
❌ Draft REJECTED: expected 1429, got 1909
🔍 Match found at ngram_size 3: [315, 279, 1909] -> drafts [220, 20, 15, 11674]
❌ Draft REJECTED: expected 220, got 11674
🔍 Match found at ngram_size 3: [11674, 504, 3213] -> drafts [1635, 323, 2924, 1105]
✅ Draft ACCEPTED: 1635
❌ Draft REJECTED: expected 323, got 13
🔍 Match found at ngram_size 3: [3213, 1635, 13] -> drafts [1988, 2041, 3151, 882]
❌ Draft REJECTED: expected 1988, got 1752
🔍 Match found at ngram_size 3: [13, 1752, 3110] -> drafts [11, 279, 6424, 9487]
✅ Draft ACCEPTED: 11
❌ Draft REJECTED: expected 279, got 330
🔍 Match found at ngram_size 3: [330, 3882, 15965] -> drafts [1, 553, 386, 17801]
✅ Draft ACCEPTED: 1
✅ Draft ACCEPTED: 553
✅ Draft ACCEPTED: 386
✅ Draft ACCEPTED: 17801
🔍 Match found at ngram_size 5: [1, 553, 386, 17801, 70824] -> drafts [11, 330, 15216, 220]
❌ Draft REJECTED: expected 11, got 1549
🔍 Match found at ngram_size 3: [11, 330, 3882] -> drafts [15965, 1, 553, 386]
✅ Draft ACCEPTED: 15965
✅ Draft ACCEPTED: 1
✅ Draft ACCEPTED: 553
✅ Draft ACCEPTED: 386
🔍 Match found at ngram_size 5: [15965, 1, 553, 386, 17801] -> drafts [70824, 1549, 13, 13824]
✅ Draft ACCEPTED: 70824
❌ Draft REJECTED: expected 1549, got 572
🔍 Match found at ngram_size 3: [8007, 220, 16] -> drafts [15, 15, 374, 279]
✅ Draft ACCEPTED: 15
✅ Draft ACCEPTED: 15
❌ Draft REJECTED: expected 374, got 11
🔍 Match found at ngram_size 3: [382, 40, 1265] -> drafts [1083, 2908, 429, 22538]
✅ Draft ACCEPTED: 1083
❌ Draft REJECTED: expected 2908, got 2924
🔍 Match found at ngram_size 3: [2924, 11674, 504] -> drafts [2155, 26131, 476, 35644]
❌ Draft REJECTED: expected 2155, got 5257
🔍 Match found at ngram_size 3: [70824, 11, 330] -> drafts [15216, 220, 19, 547]
❌ Draft REJECTED: expected 15216, got 4923
🔍 Match found at ngram_size 3: [1, 553, 576] -> drafts [10348, 303, 11, 330]
✅ Draft ACCEPTED: 10348
✅ Draft ACCEPTED: 303
✅ Draft ACCEPTED: 11
❌ Draft REJECTED: expected 330, got 323
🔍 Match found at ngram_size 3: [11, 323, 330] -> drafts [3882, 15965, 1, 553]
❌ Draft REJECTED: expected 3882, got 34
🔍 Match found at ngram_size 3: [11674, 1075, 330] -> drafts [34, 2672, 301, 18836]
✅ Draft ACCEPTED: 34
❌ Draft REJECTED: expected 2672, got 7673
🔍 Match found at ngram_size 3: [330, 34, 7673] -> drafts [6285, 1, 553, 20603]
✅ Draft ACCEPTED: 6285
✅ Draft ACCEPTED: 1
✅ Draft ACCEPTED: 553
✅ Draft ACCEPTED: 20603
🔍 Match found at ngram_size 5: [6285, 1, 553, 20603, 39971] -> drafts [67038, 13, 5005, 11]
✅ Draft ACCEPTED: 67038
❌ Draft REJECTED: expected 13, got 11
🔍 Match found at ngram_size 3: [11, 323, 330] -> drafts [34, 7673, 6285, 1]
✅ Draft ACCEPTED: 34
❌ Draft REJECTED: expected 7673, got 2672
🔍 Match found at ngram_size 3: [330, 34, 2672] -> drafts [301, 18836, 1, 553]
✅ Draft ACCEPTED: 301
✅ Draft ACCEPTED: 18836
✅ Draft ACCEPTED: 1
✅ Draft ACCEPTED: 553
🔍 Match found at ngram_size 5: [301, 18836, 1, 553, 32819] -> drafts [13255, 70824, 11, 330]
✅ Draft ACCEPTED: 13255
✅ Draft ACCEPTED: 70824
❌ Draft REJECTED: expected 11, got 382
🔍 Match found at ngram_size 3: [11674, 1075, 330] -> drafts [34, 7673, 6285, 1]
❌ Draft REJECTED: expected 34, got 3882
🔍 Match found at ngram_size 3: [330, 3882, 15965] -> drafts [1, 553, 386, 17801]
✅ Draft ACCEPTED: 1
✅ Draft ACCEPTED: 553
✅ Draft ACCEPTED: 386
✅ Draft ACCEPTED: 17801
🔍 Match found at ngram_size 5: [1, 553, 386, 17801, 70824] -> drafts [572, 389, 279, 8007]
❌ Draft REJECTED: expected 572, got 11
🔍 Match found at ngram_size 5: [553, 386, 17801, 70824, 11] -> drafts [330, 15216, 220, 19]
✅ Draft ACCEPTED: 330
❌ Draft REJECTED: expected 15216, got 2304
🔍 Match found at ngram_size 3: [11, 330, 2304] -> drafts [85, 49544, 1, 553]
✅ Draft ACCEPTED: 85
✅ Draft ACCEPTED: 49544
✅ Draft ACCEPTED: 1
✅ Draft ACCEPTED: 553
🔍 Match found at ngram_size 5: [85, 49544, 1, 553, 422] -> drafts [4284, 41139, 64, 11]
✅ Draft ACCEPTED: 4284
✅ Draft ACCEPTED: 41139
✅ Draft ACCEPTED: 64
✅ Draft ACCEPTED: 11
🔍 Match found at ngram_size 3: [11, 323, 330] -> drafts [34, 2672, 301, 18836]
✅ Draft ACCEPTED: 34
❌ Draft REJECTED: expected 2672, got 7673
🔍 Match found at ngram_size 5: [11, 323, 330, 34, 7673] -> drafts [6285, 1, 553, 20603]
✅ Draft ACCEPTED: 6285
✅ Draft ACCEPTED: 1
✅ Draft ACCEPTED: 553
✅ Draft ACCEPTED: 20603
🔍 Match found at ngram_size 5: [6285, 1, 553, 20603, 39971] -> drafts [67038, 11, 330, 2403]
✅ Draft ACCEPTED: 67038
❌ Draft REJECTED: expected 11, got 13
🔍 Match found at ngram_size 5: [553, 20603, 39971, 67038, 13] -> drafts [5005, 11, 1045, 431]
❌ Draft REJECTED: expected 5005, got 10696
🔍 Match found at ngram_size 3: [11674, 1075, 330] -> drafts [3882, 15965, 1, 553]
❌ Draft REJECTED: expected 3882, got 2121
🔍 Match found at ngram_size 3: [330, 2121, 1084] -> drafts [14804, 1, 553, 13928]
✅ Draft ACCEPTED: 14804
✅ Draft ACCEPTED: 1
✅ Draft ACCEPTED: 553
✅ Draft ACCEPTED: 13928
🔍 Match found at ngram_size 5: [14804, 1, 553, 13928, 37370] -> drafts [11, 330, 3882, 15965]
✅ Draft ACCEPTED: 11
✅ Draft ACCEPTED: 330
✅ Draft ACCEPTED: 3882
✅ Draft ACCEPTED: 15965
🔍 Match found at ngram_size 5: [11, 330, 3882, 15965, 1] -> drafts [553, 386, 17801, 70824]
✅ Draft ACCEPTED: 553
✅ Draft ACCEPTED: 386
✅ Draft ACCEPTED: 17801
✅ Draft ACCEPTED: 70824
🔍 Match found at ngram_size 5: [553, 386, 17801, 70824, 11] -> drafts [330, 2304, 85, 49544]
❌ Draft REJECTED: expected 330, got 323
🔍 Match found at ngram_size 3: [11, 323, 330] -> drafts [34, 7673, 6285, 1]
✅ Draft ACCEPTED: 34
✅ Draft ACCEPTED: 7673
✅ Draft ACCEPTED: 6285
✅ Draft ACCEPTED: 1
🔍 Match found at ngram_size 5: [34, 7673, 6285, 1, 553] -> drafts [20603, 39971, 67038, 13]
✅ Draft ACCEPTED: 20603
✅ Draft ACCEPTED: 39971
✅ Draft ACCEPTED: 67038
❌ Draft REJECTED: expected 13, got 382
🔍 Match found at ngram_size 3: [382, 14190, 11] -> drafts [358, 1184, 311, 1281]
❌ Draft REJECTED: expected 358, got 279
🔍 Match found at ngram_size 3: [11, 279, 1196] -> drafts [2578, 387, 3330, 369]
✅ Draft ACCEPTED: 2578
❌ Draft REJECTED: expected 387, got 537
🔍 Match found at ngram_size 3: [358, 1184, 311] -> drafts [1281, 2704, 279, 1140]
❌ Draft REJECTED: expected 1281, got 5978
🔍 Match found at ngram_size 3: [13, 6771, 752] -> drafts [1744, 911, 1246, 311]
❌ Draft REJECTED: expected 1744, got 1779
🔍 Match found at ngram_size 3: [13, 1752, 3110] -> drafts [11, 330, 2304, 85]
✅ Draft ACCEPTED: 11
✅ Draft ACCEPTED: 330
❌ Draft REJECTED: expected 2304, got 3882
🔍 Match found at ngram_size 3: [11, 330, 3882] -> drafts [15965, 1, 553, 386]
✅ Draft ACCEPTED: 15965
✅ Draft ACCEPTED: 1
✅ Draft ACCEPTED: 553
✅ Draft ACCEPTED: 386
🔍 Match found at ngram_size 5: [15965, 1, 553, 386, 17801] -> drafts [70824, 11, 323, 330]
✅ Draft ACCEPTED: 70824
❌ Draft REJECTED: expected 11, got 323
🔍 Match found at ngram_size 3: [323, 330, 34] -> drafts [7673, 6285, 1, 553]
✅ Draft ACCEPTED: 7673
✅ Draft ACCEPTED: 6285
✅ Draft ACCEPTED: 1
✅ Draft ACCEPTED: 553
🔍 Match found at ngram_size 5: [7673, 6285, 1, 553, 20603] -> drafts [39971, 67038, 382, 14190]
✅ Draft ACCEPTED: 39971
✅ Draft ACCEPTED: 67038
❌ Draft REJECTED: expected 382, got 525
🔍 Match found at ngram_size 3: [279, 1140, 11] -> drafts [902, 220, 151667, 9492]
❌ Draft REJECTED: expected 902, got 714
🔍 Match found at ngram_size 3: [3941, 2155, 26131] -> drafts [323, 35644, 11, 21080]
❌ Draft REJECTED: expected 323, got 13
🔍 Match found at ngram_size 3: [13, 1752, 3110] -> drafts [11, 330, 3882, 15965]
✅ Draft ACCEPTED: 11
✅ Draft ACCEPTED: 330
❌ Draft REJECTED: expected 3882, got 2304
🔍 Match found at ngram_size 5: [1752, 3110, 11, 330, 2304] -> drafts [85, 49544, 1, 553]
✅ Draft ACCEPTED: 85
✅ Draft ACCEPTED: 49544
✅ Draft ACCEPTED: 1
❌ Draft REJECTED: expected 553, got 572
🔍 Match found at ngram_size 3: [389, 279, 8007] -> drafts [220, 16, 15, 15]
✅ Draft ACCEPTED: 220
✅ Draft ACCEPTED: 16
✅ Draft ACCEPTED: 15
✅ Draft ACCEPTED: 15
🔍 Match found at ngram_size 5: [220, 16, 15, 15, 323] -> drafts [1490, 892, 11674, 614]
❌ Draft REJECTED: expected 1490, got 1083
🔍 Match found at ngram_size 3: [330, 34, 2672] -> drafts [301, 18836, 1, 553]
✅ Draft ACCEPTED: 301
✅ Draft ACCEPTED: 18836
✅ Draft ACCEPTED: 1
✅ Draft ACCEPTED: 553
🔍 Match found at ngram_size 5: [301, 18836, 1, 553, 32819] -> drafts [13255, 70824, 382, 35052]
✅ Draft ACCEPTED: 13255
✅ Draft ACCEPTED: 70824
❌ Draft REJECTED: expected 382, got 572
🔍 Match found at ngram_size 3: [4201, 389, 279] -> drafts [8007, 220, 16, 15]
✅ Draft ACCEPTED: 8007
✅ Draft ACCEPTED: 220
✅ Draft ACCEPTED: 16
✅ Draft ACCEPTED: 15
🔍 Match found at ngram_size 5: [8007, 220, 16, 15, 15] -> drafts [323, 1083, 389, 1008]
✅ Draft ACCEPTED: 323
✅ Draft ACCEPTED: 1083
✅ Draft ACCEPTED: 389
❌ Draft REJECTED: expected 1008, got 279
🔍 Match found at ngram_size 3: [26131, 13, 330] -> drafts [34, 2672, 301, 18836]
❌ Draft REJECTED: expected 34, got 2121
🔍 Match found at ngram_size 3: [330, 2121, 1084] -> drafts [14804, 1, 553, 13928]
✅ Draft ACCEPTED: 14804
✅ Draft ACCEPTED: 1
✅ Draft ACCEPTED: 553
✅ Draft ACCEPTED: 13928
🔍 Match found at ngram_size 5: [14804, 1, 553, 13928, 37370] -> drafts [11, 330, 3882, 15965]
❌ Draft REJECTED: expected 11, got 572
🔍 Match found at ngram_size 3: [572, 264, 1909] -> drafts [4201, 389, 279, 8007]
✅ Draft ACCEPTED: 4201
✅ Draft ACCEPTED: 389
✅ Draft ACCEPTED: 279
✅ Draft ACCEPTED: 8007
🔍 Match found at ngram_size 5: [4201, 389, 279, 8007, 220] -> drafts [16, 15, 15, 323]
✅ Draft ACCEPTED: 16
✅ Draft ACCEPTED: 15
✅ Draft ACCEPTED: 15
✅ Draft ACCEPTED: 323
🔍 Match found at ngram_size 3: [1184, 311, 19192] -> drafts [264, 1140, 315, 279]
✅ Draft ACCEPTED: 264
✅ Draft ACCEPTED: 1140
✅ Draft ACCEPTED: 315
❌ Draft REJECTED: expected 279, got 220
🔍 Match found at ngram_size 3: [220, 20, 15] -> drafts [11674, 315, 678, 882]
✅ Draft ACCEPTED: 11674
❌ Draft REJECTED: expected 315, got 11
🔍 Match found at ngram_size 3: [13, 6771, 752] -> drafts [1779, 369, 59057, 13]
❌ Draft REJECTED: expected 1779, got 1744
🔍 Match found at ngram_size 4: [13, 6771, 752, 1744] -> drafts [911, 1246, 311, 5486]
❌ Draft REJECTED: expected 911, got 315
🔍 Match found at ngram_size 3: [315, 11674, 429] -> drafts [614, 1012, 7945, 5411]
✅ Draft ACCEPTED: 614
❌ Draft REJECTED: expected 1012, got 1030
🔍 Match found at ngram_size 4: [11674, 429, 614, 1030] -> drafts [1293, 64165, 22538, 11]
✅ Draft ACCEPTED: 1293
✅ Draft ACCEPTED: 64165
✅ Draft ACCEPTED: 22538
✅ Draft ACCEPTED: 11
🔍 Match found at ngram_size 5: [1293, 64165, 22538, 11, 1075] -> drafts [11416, 12983, 504, 279]
❌ Draft REJECTED: expected 11416, got 330
🔍 Match found at ngram_size 3: [389, 279, 26131] -> drafts [369, 11577, 18346, 323]
✅ Draft ACCEPTED: 369
❌ Draft REJECTED: expected 11577, got 264
🔍 Match found at ngram_size 5: [389, 279, 26131, 369, 264] -> drafts [1393, 382, 40, 1265]
❌ Draft REJECTED: expected 1393, got 1293
🔍 Match found at ngram_size 3: [279, 1196, 2578] -> drafts [537, 1366, 42328, 13]
❌ Draft REJECTED: expected 537, got 1366
🔍 Match found at ngram_size 4: [279, 1196, 2578, 1366] -> drafts [279, 1140, 304, 264]
✅ Draft ACCEPTED: 279
❌ Draft REJECTED: expected 1140, got 1429
🔍 Match found at ngram_size 3: [220, 20, 15] -> drafts [11674, 11, 3259, 2704]
✅ Draft ACCEPTED: 11674
✅ Draft ACCEPTED: 11
❌ Draft REJECTED: expected 3259, got 773
🔍 Match found at ngram_size 3: [11, 773, 358] -> drafts [3278, 9214, 448, 264]
❌ Draft REJECTED: expected 3278, got 1265
🔍 Match found at ngram_size 3: [3213, 9487, 2385] -> drafts [7008, 11674, 382, 14190]
✅ Draft ACCEPTED: 7008
✅ Draft ACCEPTED: 11674
❌ Draft REJECTED: expected 382, got 13
🔍 Match found at ngram_size 3: [11674, 13, 4354] -> drafts [11, 279, 1196, 9733]
✅ Draft ACCEPTED: 11
❌ Draft REJECTED: expected 279, got 358
🔍 Match found at ngram_size 4: [13, 4354, 11, 358] -> drafts [646, 1430, 311, 2924]
✅ Draft ACCEPTED: 646
❌ Draft REJECTED: expected 1430, got 944
🔍 Match found at ngram_size 4: [11, 358, 646, 944] -> drafts [3410, 279, 4734, 1482]
❌ Draft REJECTED: expected 3410, got 2615
🔍 Match found at ngram_size 4: [358, 646, 944, 2615] -> drafts [3887, 821, 11, 358]
✅ Draft ACCEPTED: 3887
✅ Draft ACCEPTED: 821
✅ Draft ACCEPTED: 11
❌ Draft REJECTED: expected 358, got 773
🔍 Match found at ngram_size 3: [11, 773, 358] -> drafts [1265, 5244, 389, 3213]
❌ Draft REJECTED: expected 1265, got 3278
🔍 Match found at ngram_size 4: [11, 773, 358, 3278] -> drafts [9214, 448, 264, 3644]
❌ Draft REJECTED: expected 9214, got 614
🔍 Match found at ngram_size 3: [358, 3278, 614] -> drafts [311, 17188, 389, 13656]
✅ Draft ACCEPTED: 311
✅ Draft ACCEPTED: 17188
✅ Draft ACCEPTED: 389
❌ Draft REJECTED: expected 13656, got 3267
🔍 Match found at ngram_size 3: [382, 40, 1265] -> drafts [1083, 2924, 11674, 504]
✅ Draft ACCEPTED: 1083
✅ Draft ACCEPTED: 2924
✅ Draft ACCEPTED: 11674
❌ Draft REJECTED: expected 504, got 429
🔍 Match found at ngram_size 3: [2924, 11674, 429] -> drafts [614, 1012, 389, 279]
✅ Draft ACCEPTED: 614
❌ Draft REJECTED: expected 1012, got 1030
🔍 Match found at ngram_size 4: [11674, 429, 614, 1030] -> drafts [1293, 64165, 22538, 11]
❌ Draft REJECTED: expected 1293, got 5089
🔍 Match found at ngram_size 3: [16842, 5109, 11] -> drafts [3590, 3687, 19805, 11]
❌ Draft REJECTED: expected 3590, got 1496
🔍 Match found at ngram_size 3: [13, 1752, 3110] -> drafts [11, 330, 2304, 85]
✅ Draft ACCEPTED: 11
✅ Draft ACCEPTED: 330
❌ Draft REJECTED: expected 2304, got 18284
🔍 Match found at ngram_size 3: [32819, 13255, 70824] -> drafts [572, 264, 1909, 4201]
❌ Draft REJECTED: expected 572, got 1030
🔍 Match found at ngram_size 3: [315, 279, 1429] -> drafts [5411, 11674, 3118, 389]
✅ Draft ACCEPTED: 5411
✅ Draft ACCEPTED: 11674
❌ Draft REJECTED: expected 3118, got 315
🔍 Match found at ngram_size 3: [11674, 315, 678] -> drafts [882, 11, 714, 429]
✅ Draft ACCEPTED: 882
❌ Draft REJECTED: expected 11, got 382
🔍 Match found at ngram_size 3: [382, 14037, 3381] -> drafts [25, 279, 1196, 2578]
✅ Draft ACCEPTED: 25
✅ Draft ACCEPTED: 279
✅ Draft ACCEPTED: 1196
✅ Draft ACCEPTED: 2578
🔍 Match found at ngram_size 5: [25, 279, 1196, 2578, 387] -> drafts [3330, 369, 11674, 429]
✅ Draft ACCEPTED: 3330
✅ Draft ACCEPTED: 369
❌ Draft REJECTED: expected 11674, got 264
🔍 Match found at ngram_size 5: [2578, 387, 3330, 369, 264] -> drafts [1140, 315, 11674, 429]
❌ Draft REJECTED: expected 1140, got 6514
🔍 Match found at ngram_size 3: [264, 6514, 315] -> drafts [3213, 323, 11416, 12983]
❌ Draft REJECTED: expected 3213, got 1909
🔍 Match found at ngram_size 3: [1909, 220, 20] -> drafts [15, 11674, 315, 678]
✅ Draft ACCEPTED: 15
✅ Draft ACCEPTED: 11674
❌ Draft REJECTED: expected 315, got 504
🔍 Match found at ngram_size 3: [11674, 504, 2155] -> drafts [26131, 476, 35644, 13]
❌ Draft REJECTED: expected 26131, got 10793
🔍 Match found at ngram_size 3: [13, 1752, 3110] -> drafts [11, 330, 18284, 13971]
✅ Draft ACCEPTED: 11
❌ Draft REJECTED: expected 330, got 5916
🔍 Match found at ngram_size 3: [220, 16, 24] -> drafts [21, 15, 82, 11]
❌ Draft REJECTED: expected 21, got 22
🔍 Match found at ngram_size 3: [15, 82, 11] -> drafts [220, 16, 24, 22]
✅ Draft ACCEPTED: 220
✅ Draft ACCEPTED: 16
✅ Draft ACCEPTED: 24
❌ Draft REJECTED: expected 22, got 23
🔍 Match found at ngram_size 3: [15, 82, 11] -> drafts [220, 16, 24, 23]
✅ Draft ACCEPTED: 220
✅ Draft ACCEPTED: 16
✅ Draft ACCEPTED: 24
❌ Draft REJECTED: expected 23, got 24
🔍 Match found at ngram_size 3: [15, 82, 11] -> drafts [220, 16, 24, 24]
❌ Draft REJECTED: expected 220, got 323
🔍 Match found at ngram_size 3: [3213, 1635, 13] -> drafts [1752, 3110, 11, 330]
❌ Draft REJECTED: expected 1752, got 1988
🔍 Match found at ngram_size 4: [3213, 1635, 13, 1988] -> drafts [2041, 3151, 882, 23719]
❌ Draft REJECTED: expected 2041, got 1549
🔍 Match found at ngram_size 3: [13, 1988, 1549] -> drafts [11, 2041, 3151, 821]
✅ Draft ACCEPTED: 11
✅ Draft ACCEPTED: 2041
✅ Draft ACCEPTED: 3151
✅ Draft ACCEPTED: 821
🔍 Match found at ngram_size 5: [11, 2041, 3151, 821, 11] -> drafts [358, 646, 944, 7683]
❌ Draft REJECTED: expected 358, got 432
🔍 Match found at ngram_size 3: [11, 432, 594] -> drafts [17003, 311, 8253, 382]
❌ Draft REJECTED: expected 17003, got 2588
🔍 Match found at ngram_size 4: [11, 432, 594, 2588] -> drafts [311, 15026, 432, 1495]
✅ Draft ACCEPTED: 311
❌ Draft REJECTED: expected 15026, got 8253
🔍 Match found at ngram_size 3: [311, 8253, 382] -> drafts [641, 279, 19265, 315]
❌ Draft REJECTED: expected 641, got 92014
🔍 Match found at ngram_size 3: [382, 92014, 11] -> drafts [279, 1196, 2578, 387]
✅ Draft ACCEPTED: 279
✅ Draft ACCEPTED: 1196
✅ Draft ACCEPTED: 2578
✅ Draft ACCEPTED: 387
🔍 Match found at ngram_size 5: [279, 1196, 2578, 387, 3330] -> drafts [369, 264, 6514, 315]
✅ Draft ACCEPTED: 369
❌ Draft REJECTED: expected 264, got 11674
🔍 Match found at ngram_size 5: [2578, 387, 3330, 369, 11674] -> drafts [429, 614, 1012, 389]
✅ Draft ACCEPTED: 429
✅ Draft ACCEPTED: 614
✅ Draft ACCEPTED: 1012
✅ Draft ACCEPTED: 389
🔍 Match found at ngram_size 5: [429, 614, 1012, 389, 279] -> drafts [26131, 369, 11577, 18346]
✅ Draft ACCEPTED: 26131
✅ Draft ACCEPTED: 369
❌ Draft REJECTED: expected 11577, got 279
🔍 Match found at ngram_size 3: [13, 1752, 3110] -> drafts [11, 5916, 448, 279]
✅ Draft ACCEPTED: 11
❌ Draft REJECTED: expected 5916, got 330
🔍 Match found at ngram_size 5: [13, 1752, 3110, 11, 330] -> drafts [18284, 13971, 9536, 1]
❌ Draft REJECTED: expected 18284, got 40
🔍 Match found at ngram_size 3: [330, 40, 4841] -> drafts [28778, 533, 1, 553]
✅ Draft ACCEPTED: 28778
✅ Draft ACCEPTED: 533
✅ Draft ACCEPTED: 1
✅ Draft ACCEPTED: 553
🔍 Match found at ngram_size 5: [28778, 533, 1, 553, 74993] -> drafts [20677, 44707, 476, 330]
✅ Draft ACCEPTED: 20677
✅ Draft ACCEPTED: 44707
❌ Draft REJECTED: expected 476, got 11
🔍 Match found at ngram_size 3: [572, 389, 279] -> drafts [8007, 220, 16, 15]
✅ Draft ACCEPTED: 8007
✅ Draft ACCEPTED: 220
✅ Draft ACCEPTED: 16
✅ Draft ACCEPTED: 15
🔍 Match found at ngram_size 5: [8007, 220, 16, 15, 15] -> drafts [323, 1008, 26131, 382]
❌ Draft REJECTED: expected 323, got 369
🔍 Match found at ngram_size 3: [220, 16, 24] -> drafts [24, 15, 82, 11]
❌ Draft REJECTED: expected 24, got 23
🔍 Match found at ngram_size 4: [220, 16, 24, 23] -> drafts [15, 82, 11, 220]
❌ Draft REJECTED: expected 15, got 18
🔍 Match found at ngram_size 3: [11, 892, 572] -> drafts [389, 279, 8007, 220]
❌ Draft REJECTED: expected 389, got 264
🔍 Match found at ngram_size 3: [572, 264, 1909] -> drafts [4201, 389, 279, 8007]
✅ Draft ACCEPTED: 4201
❌ Draft REJECTED: expected 389, got 304
🔍 Match found at ngram_size 3: [279, 220, 16] -> drafts [24, 21, 15, 82]
✅ Draft ACCEPTED: 24
✅ Draft ACCEPTED: 21
✅ Draft ACCEPTED: 15
✅ Draft ACCEPTED: 82
🔍 Match found at ngram_size 3: [382, 3983, 279] -> drafts [1196, 2578, 1366, 279]
✅ Draft ACCEPTED: 1196
❌ Draft REJECTED: expected 2578, got 11689
🔍 Match found at ngram_size 3: [369, 279, 1909] -> drafts [220, 20, 15, 11674]
✅ Draft ACCEPTED: 220
✅ Draft ACCEPTED: 20
✅ Draft ACCEPTED: 15
❌ Draft REJECTED: expected 11674, got 1429
🔍 Match found at ngram_size 5: [1909, 220, 20, 15, 1429] -> drafts [5411, 11674, 1140, 13]
✅ Draft ACCEPTED: 5411
✅ Draft ACCEPTED: 11674
✅ Draft ACCEPTED: 1140
❌ Draft REJECTED: expected 13, got 11
🔍 Match found at ngram_size 3: [11, 773, 358] -> drafts [3278, 614, 311, 17188]
❌ Draft REJECTED: expected 3278, got 1184
🔍 Match found at ngram_size 3: [358, 1184, 311] -> drafts [5978, 1817, 5492, 374]
✅ Draft ACCEPTED: 5978
❌ Draft REJECTED: expected 1817, got 279
🔍 Match found at ngram_size 3: [279, 1140, 374] -> drafts [13382, 323, 705, 4686]
✅ Draft ACCEPTED: 13382
✅ Draft ACCEPTED: 323
❌ Draft REJECTED: expected 705, got 14521
🔍 Match found at ngram_size 3: [279, 1429, 5411] -> drafts [11674, 315, 678, 882]
✅ Draft ACCEPTED: 11674
❌ Draft REJECTED: expected 315, got 304
🔍 Match found at ngram_size 3: [9487, 5068, 323] -> drafts [4586, 17843, 13, 358]
❌ Draft REJECTED: expected 4586, got 16842
🔍 Match found at ngram_size 3: [3278, 1191, 553] -> drafts [88646, 1045, 315, 279]
❌ Draft REJECTED: expected 88646, got 14838
🔍 Match found at ngram_size 3: [279, 1909, 220] -> drafts [20, 15, 1429, 5411]
❌ Draft REJECTED: expected 20, got 16
🔍 Match found at ngram_size 3: [220, 16, 15] -> drafts [15, 369, 220, 16]
❌ Draft REJECTED: expected 15, got 11674
🔍 Match found at ngram_size 3: [15, 11674, 504] -> drafts [2155, 10793, 13, 1752]
❌ Draft REJECTED: expected 2155, got 3213
🔍 Match found at ngram_size 3: [11674, 504, 3213] -> drafts [1635, 13, 1752, 3110]
✅ Draft ACCEPTED: 1635
❌ Draft REJECTED: expected 13, got 11
🔍 Match found at ngram_size 3: [9487, 5068, 323] -> drafts [16842, 5109, 382, 40]
❌ Draft REJECTED: expected 16842, got 22538
🔍 Match found at ngram_size 3: [13, 358, 3278] -> drafts [2924, 11674, 429, 614]
❌ Draft REJECTED: expected 2924, got 1281
🔍 Match found at ngram_size 3: [1817, 5492, 374] -> drafts [10007, 3055, 13, 6771]
❌ Draft REJECTED: expected 10007, got 4911
🔍 Match found at ngram_size 3: [382, 14190, 11] -> drafts [279, 1196, 2578, 537]
❌ Draft REJECTED: expected 279, got 358
🔍 Match found at ngram_size 4: [382, 14190, 11, 358] -> drafts [1184, 311, 1281, 2704]
✅ Draft ACCEPTED: 1184
✅ Draft ACCEPTED: 311
❌ Draft REJECTED: expected 1281, got 1779
🔍 Match found at ngram_size 3: [279, 1429, 5411] -> drafts [11674, 304, 3793, 315]
✅ Draft ACCEPTED: 11674
✅ Draft ACCEPTED: 304
✅ Draft ACCEPTED: 3793
✅ Draft ACCEPTED: 315
🔍 Match found at ngram_size 3: [13, 1752, 3110] -> drafts [11, 330, 40, 4841]
✅ Draft ACCEPTED: 11
✅ Draft ACCEPTED: 330
❌ Draft REJECTED: expected 40, got 18284
🔍 Match found at ngram_size 5: [1752, 3110, 11, 330, 18284] -> drafts [13971, 9536, 1, 553]
✅ Draft ACCEPTED: 13971
✅ Draft ACCEPTED: 9536
✅ Draft ACCEPTED: 1
❌ Draft REJECTED: expected 553, got 1030
🔍 Match found at ngram_size 3: [1030, 264, 10951] -> drafts [16842, 7760, 11, 3259]
✅ Draft ACCEPTED: 16842
✅ Draft ACCEPTED: 7760
✅ Draft ACCEPTED: 11
✅ Draft ACCEPTED: 3259
🔍 Match found at ngram_size 5: [16842, 7760, 11, 3259, 432] -> drafts [825, 315, 279, 1429]
✅ Draft ACCEPTED: 825
✅ Draft ACCEPTED: 315
✅ Draft ACCEPTED: 279
✅ Draft ACCEPTED: 1429
🔍 Match found at ngram_size 3: [13, 330, 34] -> drafts [2672, 301, 18836, 1]
✅ Draft ACCEPTED: 2672
✅ Draft ACCEPTED: 301
✅ Draft ACCEPTED: 18836
✅ Draft ACCEPTED: 1
🔍 Match found at ngram_size 5: [2672, 301, 18836, 1, 553] -> drafts [32819, 13255, 70824, 572]
✅ Draft ACCEPTED: 32819
✅ Draft ACCEPTED: 13255
✅ Draft ACCEPTED: 70824
✅ Draft ACCEPTED: 572
🔍 Match found at ngram_size 3: [264, 1909, 4201] -> drafts [304, 279, 220, 16]
❌ Draft REJECTED: expected 304, got 389
🔍 Match found at ngram_size 4: [264, 1909, 4201, 389] -> drafts [279, 8007, 220, 16]
❌ Draft REJECTED: expected 279, got 72742
🔍 Match found at ngram_size 3: [4201, 389, 72742] -> drafts [52854, 13, 10696, 429]
✅ Draft ACCEPTED: 52854
❌ Draft REJECTED: expected 13, got 11
🔍 Match found at ngram_size 3: [382, 40, 1265] -> drafts [1083, 2924, 11674, 429]
❌ Draft REJECTED: expected 1083, got 2924
🔍 Match found at ngram_size 3: [2924, 11674, 429] -> drafts [614, 1030, 5089, 16842]
✅ Draft ACCEPTED: 614
✅ Draft ACCEPTED: 1030
❌ Draft REJECTED: expected 5089, got 1293
🔍 Match found at ngram_size 5: [11674, 429, 614, 1030, 1293] -> drafts [64165, 22538, 11, 1075]
✅ Draft ACCEPTED: 64165
✅ Draft ACCEPTED: 22538
✅ Draft ACCEPTED: 11
✅ Draft ACCEPTED: 1075
🔍 Match found at ngram_size 5: [64165, 22538, 11, 1075, 330] -> drafts [40, 4841, 28778, 533]
❌ Draft REJECTED: expected 40, got 2403
🔍 Match found at ngram_size 3: [330, 2403, 358] -> drafts [23252, 1, 553, 3155]
✅ Draft ACCEPTED: 23252
✅ Draft ACCEPTED: 1
✅ Draft ACCEPTED: 553
✅ Draft ACCEPTED: 3155
🔍 Match found at ngram_size 5: [23252, 1, 553, 3155, 5580] -> drafts [17358, 11, 323, 330]
✅ Draft ACCEPTED: 17358
✅ Draft ACCEPTED: 11
❌ Draft REJECTED: expected 323, got 892
🔍 Match found at ngram_size 3: [1012, 389, 279] -> drafts [26131, 369, 279, 22032]
✅ Draft ACCEPTED: 26131
✅ Draft ACCEPTED: 369
❌ Draft REJECTED: expected 279, got 3807
🔍 Match found at ngram_size 3: [13, 330, 34] -> drafts [2672, 301, 18836, 1]
❌ Draft REJECTED: expected 2672, got 7673
🔍 Match found at ngram_size 3: [330, 34, 7673] -> drafts [6285, 1, 553, 20603]
✅ Draft ACCEPTED: 6285
✅ Draft ACCEPTED: 1
✅ Draft ACCEPTED: 553
✅ Draft ACCEPTED: 20603
🔍 Match found at ngram_size 5: [6285, 1, 553, 20603, 39971] -> drafts [67038, 525, 2176, 389]
✅ Draft ACCEPTED: 67038
❌ Draft REJECTED: expected 525, got 11
🔍 Match found at ngram_size 5: [553, 20603, 39971, 67038, 11] -> drafts [330, 2403, 358, 23252]
❌ Draft REJECTED: expected 330, got 892
🔍 Match found at ngram_size 3: [11, 892, 702] -> drafts [1012, 389, 279, 26131]
✅ Draft ACCEPTED: 1012
❌ Draft REJECTED: expected 389, got 264
🔍 Match found at ngram_size 3: [264, 1909, 4201] -> drafts [389, 72742, 52854, 11]
✅ Draft ACCEPTED: 389
❌ Draft REJECTED: expected 72742, got 279
🔍 Match found at ngram_size 5: [264, 1909, 4201, 389, 279] -> drafts [8007, 220, 16, 15]
✅ Draft ACCEPTED: 8007
✅ Draft ACCEPTED: 220
✅ Draft ACCEPTED: 16
✅ Draft ACCEPTED: 15
🔍 Match found at ngram_size 5: [8007, 220, 16, 15, 15] -> drafts [369, 220, 16, 22]
❌ Draft REJECTED: expected 369, got 323
🔍 Match found at ngram_size 5: [220, 16, 15, 15, 323] -> drafts [1008, 26131, 382, 40]
✅ Draft ACCEPTED: 1008
✅ Draft ACCEPTED: 26131
✅ Draft ACCEPTED: 382
❌ Draft REJECTED: expected 40, got 14037
🔍 Match found at ngram_size 3: [382, 14037, 9210] -> drafts [374, 429, 279, 1196]
❌ Draft REJECTED: expected 374, got 25
🔍 Match found at ngram_size 3: [25, 279, 1196] -> drafts [2578, 387, 3330, 369]
✅ Draft ACCEPTED: 2578
✅ Draft ACCEPTED: 387
✅ Draft ACCEPTED: 3330
✅ Draft ACCEPTED: 369
🔍 Match found at ngram_size 5: [2578, 387, 3330, 369, 11674] -> drafts [429, 614, 1012, 389]
✅ Draft ACCEPTED: 429
✅ Draft ACCEPTED: 614
✅ Draft ACCEPTED: 1012
✅ Draft ACCEPTED: 389
🔍 Match found at ngram_size 5: [429, 614, 1012, 389, 279] -> drafts [26131, 369, 279, 22032]
✅ Draft ACCEPTED: 26131
✅ Draft ACCEPTED: 369
✅ Draft ACCEPTED: 279
✅ Draft ACCEPTED: 22032
🔍 Match found at ngram_size 5: [26131, 369, 279, 22032, 882] -> drafts [13, 1752, 3110, 11]
❌ Draft REJECTED: expected 13, got 11
🔍 Match found at ngram_size 3: [882, 11, 714] -> drafts [429, 594, 264, 2155]
✅ Draft ACCEPTED: 429
✅ Draft ACCEPTED: 594
❌ Draft REJECTED: expected 264, got 803
🔍 Match found at ngram_size 3: [13, 4354, 11] -> drafts [358, 646, 944, 2615]
❌ Draft REJECTED: expected 358, got 279
🔍 Match found at ngram_size 4: [13, 4354, 11, 279] -> drafts [66193, 8007, 220, 16]
❌ Draft REJECTED: expected 66193, got 3239
🔍 Match found at ngram_size 3: [11, 279, 3239] -> drafts [3171, 944, 13837, 13]
❌ Draft REJECTED: expected 3171, got 33845
🔍 Match found at ngram_size 3: [33845, 330, 3562] -> drafts [5411, 11674, 1140, 1335]
✅ Draft ACCEPTED: 5411
❌ Draft REJECTED: expected 11674, got 1335
🔍 Match found at ngram_size 3: [1335, 892, 1410] -> drafts [3076, 279, 5535, 9487]
❌ Draft REJECTED: expected 3076, got 387
🔍 Match found at ngram_size 3: [264, 6514, 315] -> drafts [1909, 220, 20, 15]
❌ Draft REJECTED: expected 1909, got 2176
🔍 Match found at ngram_size 3: [358, 1184, 311] -> drafts [1779, 369, 279, 1429]
❌ Draft REJECTED: expected 1779, got 19192
🔍 Match found at ngram_size 4: [358, 1184, 311, 19192] -> drafts [264, 1140, 315, 279]
✅ Draft ACCEPTED: 264
✅ Draft ACCEPTED: 1140
✅ Draft ACCEPTED: 315
✅ Draft ACCEPTED: 279
🔍 Match found at ngram_size 5: [264, 1140, 315, 279, 1909] -> drafts [220, 20, 15, 11674]
✅ Draft ACCEPTED: 220
✅ Draft ACCEPTED: 20
✅ Draft ACCEPTED: 15
✅ Draft ACCEPTED: 11674
🔍 Match found at ngram_size 3: [11674, 3118, 389] -> drafts [13656, 9487, 5068, 323]
✅ Draft ACCEPTED: 13656
✅ Draft ACCEPTED: 9487
❌ Draft REJECTED: expected 5068, got 821
🔍 Match found at ngram_size 3: [9487, 821, 323] -> drafts [1045, 3213, 10295, 382]
❌ Draft REJECTED: expected 1045, got 3213
🔍 Match found at ngram_size 3: [13, 6771, 752] -> drafts [1744, 315, 11674, 429]
❌ Draft REJECTED: expected 1744, got 1191
🔍 Match found at ngram_size 3: [279, 66193, 8007] -> drafts [220, 16, 15, 15]
✅ Draft ACCEPTED: 220
✅ Draft ACCEPTED: 16
✅ Draft ACCEPTED: 15
✅ Draft ACCEPTED: 15
🔍 Match found at ngram_size 5: [220, 16, 15, 15, 11] -> drafts [714, 432, 594, 1083]
❌ Draft REJECTED: expected 714, got 1221
🔍 Match found at ngram_size 3: [1045, 315, 279] -> drafts [1909, 11674, 504, 3213]
❌ Draft REJECTED: expected 1909, got 1429
🔍 Match found at ngram_size 4: [1045, 315, 279, 1429] -> drafts [5411, 11674, 504, 3213]
✅ Draft ACCEPTED: 5411
✅ Draft ACCEPTED: 11674
✅ Draft ACCEPTED: 504
❌ Draft REJECTED: expected 3213, got 279
🔍 Match found at ngram_size 3: [504, 279, 3267] -> drafts [10793, 382, 3983, 3783]
❌ Draft REJECTED: expected 10793, got 2421
🔍 Match found at ngram_size 3: [11, 358, 646] -> drafts [944, 2615, 3887, 821]
✅ Draft ACCEPTED: 944
✅ Draft ACCEPTED: 2615
✅ Draft ACCEPTED: 3887
✅ Draft ACCEPTED: 821
🔍 Match found at ngram_size 5: [944, 2615, 3887, 821, 11] -> drafts [773, 358, 3278, 614]
✅ Draft ACCEPTED: 773
✅ Draft ACCEPTED: 358
✅ Draft ACCEPTED: 3278
✅ Draft ACCEPTED: 614
🔍 Match found at ngram_size 5: [773, 358, 3278, 614, 311] -> drafts [17188, 389, 3267, 9487]
✅ Draft ACCEPTED: 17188
✅ Draft ACCEPTED: 389
✅ Draft ACCEPTED: 3267
❌ Draft REJECTED: expected 9487, got 26131
🔍 Match found at ngram_size 3: [26131, 13, 1752] -> drafts [3110, 11, 330, 2304]
✅ Draft ACCEPTED: 3110
✅ Draft ACCEPTED: 11
✅ Draft ACCEPTED: 330
❌ Draft REJECTED: expected 2304, got 3882
🔍 Match found at ngram_size 5: [1752, 3110, 11, 330, 3882] -> drafts [15965, 1, 553, 386]
✅ Draft ACCEPTED: 15965
✅ Draft ACCEPTED: 1
✅ Draft ACCEPTED: 553
✅ Draft ACCEPTED: 386
🔍 Match found at ngram_size 5: [15965, 1, 553, 386, 17801] -> drafts [70824, 323, 330, 34]
✅ Draft ACCEPTED: 70824
❌ Draft REJECTED: expected 323, got 572
🔍 Match found at ngram_size 5: [553, 386, 17801, 70824, 572] -> drafts [389, 279, 8007, 220]
❌ Draft REJECTED: expected 389, got 264
🔍 Match found at ngram_size 3: [70824, 572, 264] -> drafts [1909, 4201, 389, 279]
✅ Draft ACCEPTED: 1909
✅ Draft ACCEPTED: 4201
❌ Draft REJECTED: expected 389, got 304
🔍 Match found at ngram_size 5: [572, 264, 1909, 4201, 304] -> drafts [279, 220, 16, 24]
❌ Draft REJECTED: expected 279, got 220
🔍 Match found at ngram_size 3: [13, 330, 34] -> drafts [7673, 6285, 1, 553]
❌ Draft REJECTED: expected 7673, got 2672
🔍 Match found at ngram_size 4: [13, 330, 34, 2672] -> drafts [301, 18836, 1, 553]
✅ Draft ACCEPTED: 301
✅ Draft ACCEPTED: 18836
✅ Draft ACCEPTED: 1
✅ Draft ACCEPTED: 553
🔍 Match found at ngram_size 5: [301, 18836, 1, 553, 32819] -> drafts [13255, 70824, 572, 1083]
✅ Draft ACCEPTED: 13255
✅ Draft ACCEPTED: 70824
✅ Draft ACCEPTED: 572
❌ Draft REJECTED: expected 1083, got 264
🔍 Match found at ngram_size 5: [32819, 13255, 70824, 572, 264] -> drafts [1909, 4201, 389, 279]
✅ Draft ACCEPTED: 1909
✅ Draft ACCEPTED: 4201
❌ Draft REJECTED: expected 389, got 304
🔍 Match found at ngram_size 5: [572, 264, 1909, 4201, 304] -> drafts [220, 17, 15, 17]
✅ Draft ACCEPTED: 220
✅ Draft ACCEPTED: 17
✅ Draft ACCEPTED: 15
✅ Draft ACCEPTED: 17
🔍 Match found at ngram_size 3: [13, 330, 2121] -> drafts [1084, 14804, 1, 553]
✅ Draft ACCEPTED: 1084
✅ Draft ACCEPTED: 14804
✅ Draft ACCEPTED: 1
✅ Draft ACCEPTED: 553
🔍 Match found at ngram_size 5: [1084, 14804, 1, 553, 13928] -> drafts [37370, 572, 264, 1909]
✅ Draft ACCEPTED: 37370
✅ Draft ACCEPTED: 572
✅ Draft ACCEPTED: 264
✅ Draft ACCEPTED: 1909
🔍 Match found at ngram_size 5: [37370, 572, 264, 1909, 4201] -> drafts [389, 279, 8007, 220]
❌ Draft REJECTED: expected 389, got 304
🔍 Match found at ngram_size 5: [572, 264, 1909, 4201, 304] -> drafts [220, 17, 15, 17]
✅ Draft ACCEPTED: 220
✅ Draft ACCEPTED: 17
✅ Draft ACCEPTED: 15
✅ Draft ACCEPTED: 17
🔍 Match found at ngram_size 5: [220, 17, 15, 17, 17] -> drafts [13, 330, 2121, 1084]
✅ Draft ACCEPTED: 13
✅ Draft ACCEPTED: 330
❌ Draft REJECTED: expected 2121, got 15216
🔍 Match found at ngram_size 3: [330, 15216, 220] -> drafts [19, 547, 1, 553]
✅ Draft ACCEPTED: 19
✅ Draft ACCEPTED: 547
✅ Draft ACCEPTED: 1
✅ Draft ACCEPTED: 553
🔍 Match found at ngram_size 5: [19, 547, 1, 553, 59287] -> drafts [77768, 11, 323, 330]
✅ Draft ACCEPTED: 77768
❌ Draft REJECTED: expected 11, got 572
🔍 Match found at ngram_size 3: [572, 264, 1909] -> drafts [4201, 304, 220, 17]
✅ Draft ACCEPTED: 4201
✅ Draft ACCEPTED: 304
✅ Draft ACCEPTED: 220
✅ Draft ACCEPTED: 17
🔍 Match found at ngram_size 5: [4201, 304, 220, 17, 15] -> drafts [17, 17, 13, 330]
✅ Draft ACCEPTED: 17
❌ Draft REJECTED: expected 17, got 16
🔍 Match found at ngram_size 5: [220, 17, 15, 17, 16] -> drafts [13, 330, 34, 2672]
❌ Draft REJECTED: expected 13, got 382
🔍 Match found at ngram_size 3: [382, 40, 1265] -> drafts [2924, 11674, 429, 614]
❌ Draft REJECTED: expected 2924, got 1083
🔍 Match found at ngram_size 4: [382, 40, 1265, 1083] -> drafts [2924, 11674, 429, 614]
✅ Draft ACCEPTED: 2924
❌ Draft REJECTED: expected 11674, got 1045
🔍 Match found at ngram_size 3: [11674, 429, 614] -> drafts [1012, 389, 279, 26131]
❌ Draft REJECTED: expected 1012, got 1030
🔍 Match found at ngram_size 4: [11674, 429, 614, 1030] -> drafts [1293, 64165, 22538, 11]
❌ Draft REJECTED: expected 1293, got 5089
🔍 Match found at ngram_size 5: [11674, 429, 614, 1030, 5089] -> drafts [16842, 5109, 11, 1496]
✅ Draft ACCEPTED: 16842
❌ Draft REJECTED: expected 5109, got 2393
🔍 Match found at ngram_size 3: [11, 1075, 330] -> drafts [2403, 358, 23252, 1]
❌ Draft REJECTED: expected 2403, got 18284
🔍 Match found at ngram_size 3: [330, 18284, 13971] -> drafts [9536, 1, 1030, 264]
✅ Draft ACCEPTED: 9536
✅ Draft ACCEPTED: 1
❌ Draft REJECTED: expected 1030, got 553
🔍 Match found at ngram_size 5: [18284, 13971, 9536, 1, 553] -> drafts [40478, 38222, 1599, 323]
✅ Draft ACCEPTED: 40478
✅ Draft ACCEPTED: 38222
✅ Draft ACCEPTED: 1599
✅ Draft ACCEPTED: 323
🔍 Match found at ngram_size 5: [40478, 38222, 1599, 323, 32819] -> drafts [13255, 70824, 1030, 264]
✅ Draft ACCEPTED: 13255
✅ Draft ACCEPTED: 70824
❌ Draft REJECTED: expected 1030, got 11
🔍 Match found at ngram_size 4: [32819, 13255, 70824, 11] -> drafts [330, 4923, 3961, 34170]
❌ Draft REJECTED: expected 330, got 892
🔍 Match found at ngram_size 3: [1030, 264, 10951] -> drafts [16842, 7760, 11, 3259]
✅ Draft ACCEPTED: 16842
❌ Draft REJECTED: expected 7760, got 5421
🔍 Match found at ngram_size 3: [13, 330, 34] -> drafts [2672, 301, 18836, 1]
✅ Draft ACCEPTED: 2672
✅ Draft ACCEPTED: 301
✅ Draft ACCEPTED: 18836
✅ Draft ACCEPTED: 1
🔍 Match found at ngram_size 5: [2672, 301, 18836, 1, 553] -> drafts [32819, 13255, 70824, 572]
✅ Draft ACCEPTED: 32819
✅ Draft ACCEPTED: 13255
✅ Draft ACCEPTED: 70824
❌ Draft REJECTED: expected 572, got 1083
🔍 Match found at ngram_size 3: [382, 14037, 3381] -> drafts [25, 279, 1196, 2578]
✅ Draft ACCEPTED: 25
✅ Draft ACCEPTED: 279
✅ Draft ACCEPTED: 1196
✅ Draft ACCEPTED: 2578
🔍 Match found at ngram_size 5: [25, 279, 1196, 2578, 387] -> drafts [3330, 369, 11674, 429]
✅ Draft ACCEPTED: 3330
✅ Draft ACCEPTED: 369
✅ Draft ACCEPTED: 11674
✅ Draft ACCEPTED: 429
🔍 Match found at ngram_size 5: [3330, 369, 11674, 429, 614] -> drafts [1012, 389, 279, 26131]
✅ Draft ACCEPTED: 1012
✅ Draft ACCEPTED: 389
✅ Draft ACCEPTED: 279
✅ Draft ACCEPTED: 26131
🔍 Match found at ngram_size 5: [1012, 389, 279, 26131, 369] -> drafts [279, 22032, 882, 11]
❌ Draft REJECTED: expected 279, got 5248
🔍 Match found at ngram_size 5: [389, 279, 26131, 369, 5248] -> drafts [5555, 11, 18860, 28659]
✅ Draft ACCEPTED: 5555
✅ Draft ACCEPTED: 11
✅ Draft ACCEPTED: 18860
✅ Draft ACCEPTED: 28659
🔍 Match found at ngram_size 5: [5555, 11, 18860, 28659, 22538] -> drafts [13, 1988, 1549, 11]
✅ Draft ACCEPTED: 13
❌ Draft REJECTED: expected 1988, got 1752
🔍 Match found at ngram_size 3: [13, 1752, 3110] -> drafts [11, 330, 3882, 15965]
✅ Draft ACCEPTED: 11
✅ Draft ACCEPTED: 330
❌ Draft REJECTED: expected 3882, got 34
🔍 Match found at ngram_size 3: [330, 34, 2672] -> drafts [301, 18836, 1, 553]
✅ Draft ACCEPTED: 301
✅ Draft ACCEPTED: 18836
✅ Draft ACCEPTED: 1
✅ Draft ACCEPTED: 553
🔍 Match found at ngram_size 5: [301, 18836, 1, 553, 32819] -> drafts [13255, 70824, 1083, 1030]
✅ Draft ACCEPTED: 13255
✅ Draft ACCEPTED: 70824
❌ Draft REJECTED: expected 1083, got 572
🔍 Match found at ngram_size 5: [553, 32819, 13255, 70824, 572] -> drafts [264, 1909, 4201, 304]
❌ Draft REJECTED: expected 264, got 389
🔍 Match found at ngram_size 3: [70824, 572, 389] -> drafts [279, 8007, 220, 16]
✅ Draft ACCEPTED: 279
❌ Draft REJECTED: expected 8007, got 9487
🔍 Match found at ngram_size 3: [389, 279, 9487] -> drafts [13, 1752, 3110, 11]
❌ Draft REJECTED: expected 13, got 369
🔍 Match found at ngram_size 3: [330, 2304, 85] -> drafts [49544, 1, 572, 264]
✅ Draft ACCEPTED: 49544
✅ Draft ACCEPTED: 1
❌ Draft REJECTED: expected 572, got 553
🔍 Match found at ngram_size 5: [2304, 85, 49544, 1, 553] -> drafts [422, 4284, 41139, 64]
✅ Draft ACCEPTED: 422
✅ Draft ACCEPTED: 4284
✅ Draft ACCEPTED: 41139
✅ Draft ACCEPTED: 64
🔍 Match found at ngram_size 3: [1083, 389, 279] -> drafts [6424, 26131, 13, 330]
❌ Draft REJECTED: expected 6424, got 9487
🔍 Match found at ngram_size 3: [389, 279, 9487] -> drafts [369, 3807, 5555, 13]
✅ Draft ACCEPTED: 369
✅ Draft ACCEPTED: 3807
✅ Draft ACCEPTED: 5555
❌ Draft REJECTED: expected 13, got 382
🔍 Match found at ngram_size 3: [382, 3983, 1549] -> drafts [11, 358, 646, 944]
✅ Draft ACCEPTED: 11
✅ Draft ACCEPTED: 358
✅ Draft ACCEPTED: 646
✅ Draft ACCEPTED: 944
🔍 Match found at ngram_size 5: [11, 358, 646, 944, 2615] -> drafts [3887, 821, 11, 773]
✅ Draft ACCEPTED: 3887
✅ Draft ACCEPTED: 821
✅ Draft ACCEPTED: 11
✅ Draft ACCEPTED: 773
🔍 Match found at ngram_size 5: [3887, 821, 11, 773, 358] -> drafts [3278, 614, 311, 17188]
✅ Draft ACCEPTED: 3278
✅ Draft ACCEPTED: 614
✅ Draft ACCEPTED: 311
✅ Draft ACCEPTED: 17188
🔍 Match found at ngram_size 5: [3278, 614, 311, 17188, 389] -> drafts [3267, 26131, 13, 1752]
✅ Draft ACCEPTED: 3267
❌ Draft REJECTED: expected 26131, got 9487
🔍 Match found at ngram_size 5: [311, 17188, 389, 3267, 9487] -> drafts [821, 323, 1045, 3213]
✅ Draft ACCEPTED: 821
❌ Draft REJECTED: expected 323, got 13
🔍 Match found at ngram_size 3: [13, 1752, 2867] -> drafts [11, 2420, 11674, 1075]
✅ Draft ACCEPTED: 11
❌ Draft REJECTED: expected 2420, got 330
🔍 Match found at ngram_size 3: [11, 330, 18284] -> drafts [13971, 9536, 1, 1030]
✅ Draft ACCEPTED: 13971
✅ Draft ACCEPTED: 9536
✅ Draft ACCEPTED: 1
❌ Draft REJECTED: expected 1030, got 572
🔍 Match found at ngram_size 3: [369, 3807, 5555] -> drafts [382, 3983, 1549, 11]
❌ Draft REJECTED: expected 382, got 304
🔍 Match found at ngram_size 3: [5555, 304, 220] -> drafts [16, 24, 23, 18]
❌ Draft REJECTED: expected 16, got 17
🔍 Match found at ngram_size 3: [304, 220, 17] -> drafts [15, 17, 16, 382]
✅ Draft ACCEPTED: 15
❌ Draft REJECTED: expected 17, got 16
🔍 Match found at ngram_size 3: [13, 330, 34] -> drafts [2672, 301, 18836, 1]
✅ Draft ACCEPTED: 2672
✅ Draft ACCEPTED: 301
✅ Draft ACCEPTED: 18836
✅ Draft ACCEPTED: 1
🔍 Match found at ngram_size 3: [1, 572, 1372] -> drafts [825, 369, 3807, 5555]
✅ Draft ACCEPTED: 825
✅ Draft ACCEPTED: 369
✅ Draft ACCEPTED: 3807
✅ Draft ACCEPTED: 5555
🔍 Match found at ngram_size 5: [825, 369, 3807, 5555, 304] -> drafts [220, 17, 15, 16]
✅ Draft ACCEPTED: 220
✅ Draft ACCEPTED: 17
✅ Draft ACCEPTED: 15
❌ Draft REJECTED: expected 16, got 17
🔍 Match found at ngram_size 5: [304, 220, 17, 15, 17] -> drafts [16, 382, 40, 1265]
❌ Draft REJECTED: expected 16, got 17
🔍 Match found at ngram_size 5: [220, 17, 15, 17, 17] -> drafts [13, 330, 15216, 220]
❌ Draft REJECTED: expected 13, got 382
🔍 Match found at ngram_size 3: [382, 40, 1184] -> drafts [311, 19192, 264, 1140]
✅ Draft ACCEPTED: 311
❌ Draft REJECTED: expected 19192, got 1281
🔍 Match found at ngram_size 3: [1184, 311, 1281] -> drafts [2704, 279, 1140, 374]
✅ Draft ACCEPTED: 2704
✅ Draft ACCEPTED: 279
✅ Draft ACCEPTED: 1140
❌ Draft REJECTED: expected 374, got 5646
🔍 Match found at ngram_size 3: [13, 6771, 752] -> drafts [1191, 448, 279, 1482]
❌ Draft REJECTED: expected 1191, got 2924
🔍 Match found at ngram_size 3: [11, 1075, 330] -> drafts [18284, 13971, 9536, 1]
❌ Draft REJECTED: expected 18284, got 40
🔍 Match found at ngram_size 4: [11, 1075, 330, 40] -> drafts [4841, 28778, 533, 1]
✅ Draft ACCEPTED: 4841
✅ Draft ACCEPTED: 28778
✅ Draft ACCEPTED: 533
✅ Draft ACCEPTED: 1

=== Lookahead Session: 1779811751 ===
🔍 Match found at ngram_size 3: [1909, 220, 20] -> drafts [15, 1429, 5411, 11674]
✅ Draft ACCEPTED: 15
✅ Draft ACCEPTED: 1429
✅ Draft ACCEPTED: 5411
✅ Draft ACCEPTED: 11674
🔍 Match found at ngram_size 5: [15, 1429, 5411, 11674, 1140] -> drafts [13]
✅ Draft ACCEPTED: 13
🔍 Match found at ngram_size 3: [11, 279, 1196] -> drafts [6801, 279, 1909, 220]
❌ Draft REJECTED: expected 6801, got 9733
🔍 Match found at ngram_size 3: [220, 20, 15] -> drafts [1429, 5411, 11674, 1140]
✅ Draft ACCEPTED: 1429
✅ Draft ACCEPTED: 5411
✅ Draft ACCEPTED: 11674
✅ Draft ACCEPTED: 1140
🔍 Match found at ngram_size 3: [279, 1909, 220] -> drafts [20, 15, 1429, 5411]
✅ Draft ACCEPTED: 20
✅ Draft ACCEPTED: 15
❌ Draft REJECTED: expected 1429, got 11674
🔍 Match found at ngram_size 3: [13, 4354, 11] -> drafts [279, 1196, 9733, 330]
✅ Draft ACCEPTED: 279
❌ Draft REJECTED: expected 1196, got 66193
🔍 Match found at ngram_size 3: [279, 66193, 8007] -> drafts [220, 16, 15, 15]
✅ Draft ACCEPTED: 220
✅ Draft ACCEPTED: 16
✅ Draft ACCEPTED: 15
✅ Draft ACCEPTED: 15
🔍 Match found at ngram_size 5: [220, 16, 15, 15, 374] -> drafts [264, 3598, 9487, 369]
✅ Draft ACCEPTED: 264
❌ Draft REJECTED: expected 3598, got 14720
🔍 Match found at ngram_size 3: [11, 358, 1184] -> drafts [311, 37163, 1128, 330]
✅ Draft ACCEPTED: 311
❌ Draft REJECTED: expected 37163, got 1281
🔍 Match found at ngram_size 3: [66193, 8007, 220] -> drafts [16, 15, 15, 374]
✅ Draft ACCEPTED: 16
✅ Draft ACCEPTED: 15
✅ Draft ACCEPTED: 15
❌ Draft REJECTED: expected 374, got 323
🔍 Match found at ngram_size 3: [11, 358, 3278] -> drafts [728, 448, 9487, 821]
❌ Draft REJECTED: expected 728, got 614
🔍 Match found at ngram_size 3: [11, 279, 1196] -> drafts [9733, 330, 3481, 220]
❌ Draft REJECTED: expected 9733, got 2578
🔍 Match found at ngram_size 3: [279, 1196, 2578] -> drafts [387, 3330, 369, 264]
✅ Draft ACCEPTED: 387
❌ Draft REJECTED: expected 3330, got 22023
🔍 Match found at ngram_size 3: [22023, 311, 279] -> drafts [1909, 220, 20, 15]
✅ Draft ACCEPTED: 1909
✅ Draft ACCEPTED: 220
✅ Draft ACCEPTED: 20
✅ Draft ACCEPTED: 15
🔍 Match found at ngram_size 5: [1909, 220, 20, 15, 11674] -> drafts [389, 894, 9487, 11]
❌ Draft REJECTED: expected 389, got 304
🔍 Match found at ngram_size 3: [11, 358, 3278] -> drafts [614, 311, 17188, 389]
❌ Draft REJECTED: expected 614, got 3410
🔍 Match found at ngram_size 3: [1140, 315, 1909] -> drafts [11674, 382, 92014, 11]
✅ Draft ACCEPTED: 11674
❌ Draft REJECTED: expected 382, got 3941
🔍 Match found at ngram_size 3: [1429, 5411, 11674] -> drafts [1140, 1335, 892, 2578]
❌ Draft REJECTED: expected 1140, got 429
🔍 Match found at ngram_size 3: [11674, 429, 614] -> drafts [1012, 7945, 5411, 304]
✅ Draft ACCEPTED: 1012
❌ Draft REJECTED: expected 7945, got 389
🔍 Match found at ngram_size 3: [614, 1012, 389] -> drafts [432, 369, 264, 5089]
❌ Draft REJECTED: expected 432, got 279
🔍 Match found at ngram_size 3: [279, 1196, 3207] -> drafts [944, 13837, 11, 358]
✅ Draft ACCEPTED: 944
❌ Draft REJECTED: expected 13837, got 6286
🔍 Match found at ngram_size 3: [279, 1196, 2578] -> drafts [387, 22023, 311, 279]
✅ Draft ACCEPTED: 387
❌ Draft REJECTED: expected 22023, got 3330
🔍 Match found at ngram_size 5: [279, 1196, 2578, 387, 3330] -> drafts [369, 264, 1140, 315]
✅ Draft ACCEPTED: 369
❌ Draft REJECTED: expected 264, got 11674
🔍 Match found at ngram_size 3: [11674, 429, 614] -> drafts [1012, 389, 279, 26131]
✅ Draft ACCEPTED: 1012
✅ Draft ACCEPTED: 389
✅ Draft ACCEPTED: 279
✅ Draft ACCEPTED: 26131
🔍 Match found at ngram_size 5: [1012, 389, 279, 26131, 369] -> drafts [264, 1393, 382, 40]
❌ Draft REJECTED: expected 264, got 5248
🔍 Match found at ngram_size 3: [13, 1988, 1549] -> drafts [11, 279, 3239, 3171]
✅ Draft ACCEPTED: 11
❌ Draft REJECTED: expected 279, got 2041
🔍 Match found at ngram_size 3: [821, 11, 358] -> drafts [3278, 614, 311, 17188]
❌ Draft REJECTED: expected 3278, got 646
🔍 Match found at ngram_size 3: [358, 646, 944] -> drafts [2615, 3887, 821, 11]
❌ Draft REJECTED: expected 2615, got 7683
🔍 Match found at ngram_size 3: [11, 358, 1184] -> drafts [311, 1281, 2704, 358]
✅ Draft ACCEPTED: 311
❌ Draft REJECTED: expected 1281, got 19192
🔍 Match found at ngram_size 3: [264, 1140, 315] -> drafts [11674, 429, 614, 1012]
❌ Draft REJECTED: expected 11674, got 279
🔍 Match found at ngram_size 3: [279, 1909, 220] -> drafts [20, 15, 11674, 304]
✅ Draft ACCEPTED: 20
✅ Draft ACCEPTED: 15
✅ Draft ACCEPTED: 11674
❌ Draft REJECTED: expected 304, got 13
🔍 Match found at ngram_size 3: [11674, 13, 358] -> drafts [1265, 1401, 518, 279]
❌ Draft REJECTED: expected 1265, got 3278
🔍 Match found at ngram_size 3: [279, 1429, 5411] -> drafts [11674, 429, 614, 1012]
✅ Draft ACCEPTED: 11674
❌ Draft REJECTED: expected 429, got 504
🔍 Match found at ngram_size 3: [13, 358, 3278] -> drafts [1191, 553, 88646, 1045]
❌ Draft REJECTED: expected 1191, got 1083
🔍 Match found at ngram_size 3: [11674, 429, 614] -> drafts [1012, 389, 279, 26131]
❌ Draft REJECTED: expected 1012, got 1030
🔍 Match found at ngram_size 3: [11, 279, 1196] -> drafts [2578, 387, 22023, 311]
✅ Draft ACCEPTED: 2578
❌ Draft REJECTED: expected 387, got 1366
🔍 Match found at ngram_size 3: [304, 264, 3953] -> drafts [17328, 13, 1988, 1549]
❌ Draft REJECTED: expected 17328, got 1973
🔍 Match found at ngram_size 3: [279, 66193, 8007] -> drafts [220, 16, 15, 15]
✅ Draft ACCEPTED: 220
✅ Draft ACCEPTED: 16
✅ Draft ACCEPTED: 15
✅ Draft ACCEPTED: 15
🔍 Match found at ngram_size 5: [220, 16, 15, 15, 374] -> drafts [264, 14720, 2530, 369]
❌ Draft REJECTED: expected 264, got 279
🔍 Match found at ngram_size 3: [13, 4354, 11] -> drafts [279, 66193, 8007, 220]
❌ Draft REJECTED: expected 279, got 2474
🔍 Match found at ngram_size 3: [2474, 358, 646] -> drafts [944, 2615, 3887, 821]
✅ Draft ACCEPTED: 944
✅ Draft ACCEPTED: 2615
✅ Draft ACCEPTED: 3887
✅ Draft ACCEPTED: 821
🔍 Match found at ngram_size 5: [944, 2615, 3887, 821, 11] -> drafts [358, 3278, 614, 311]
✅ Draft ACCEPTED: 358
❌ Draft REJECTED: expected 3278, got 646
🔍 Match found at ngram_size 4: [821, 11, 358, 646] -> drafts [944, 7683, 429, 382]
✅ Draft ACCEPTED: 944
❌ Draft REJECTED: expected 7683, got 3410
🔍 Match found at ngram_size 3: [382, 92014, 11] -> drafts [279, 1196, 2578, 387]
✅ Draft ACCEPTED: 279
✅ Draft ACCEPTED: 1196
✅ Draft ACCEPTED: 2578
✅ Draft ACCEPTED: 387
🔍 Match found at ngram_size 5: [279, 1196, 2578, 387, 3330] -> drafts [369, 11674, 429, 614]
✅ Draft ACCEPTED: 369
❌ Draft REJECTED: expected 11674, got 279
🔍 Match found at ngram_size 3: [279, 1909, 220] -> drafts [20, 15, 11674, 13]
✅ Draft ACCEPTED: 20
✅ Draft ACCEPTED: 15
✅ Draft ACCEPTED: 11674
❌ Draft REJECTED: expected 13, got 315
🔍 Match found at ngram_size 3: [11, 714, 429] -> drafts [594, 264, 2699, 54761]
✅ Draft ACCEPTED: 594
✅ Draft ACCEPTED: 264
❌ Draft REJECTED: expected 2699, got 2155
🔍 Match found at ngram_size 3: [5411, 11674, 1140] -> drafts [1335, 892, 2578, 2924]
✅ Draft ACCEPTED: 1335
✅ Draft ACCEPTED: 892
❌ Draft REJECTED: expected 2578, got 1410
🔍 Match found at ngram_size 3: [9487, 2385, 7008] -> drafts [11674, 382, 14190, 11]
✅ Draft ACCEPTED: 11674
❌ Draft REJECTED: expected 382, got 476
🔍 Match found at ngram_size 3: [11, 432, 594] -> drafts [2588, 311, 15026, 432]
❌ Draft REJECTED: expected 2588, got 17003
🔍 Match found at ngram_size 3: [3151, 821, 11] -> drafts [358, 646, 944, 7683]
✅ Draft ACCEPTED: 358
❌ Draft REJECTED: expected 646, got 3278
🔍 Match found at ngram_size 4: [821, 11, 358, 3278] -> drafts [614, 311, 17188, 389]
❌ Draft REJECTED: expected 614, got 3410
🔍 Match found at ngram_size 4: [11, 358, 3278, 3410] -> drafts [264, 4586, 1140, 315]
✅ Draft ACCEPTED: 264
❌ Draft REJECTED: expected 4586, got 1140
🔍 Match found at ngram_size 3: [264, 1140, 315] -> drafts [279, 1909, 220, 20]
✅ Draft ACCEPTED: 279
❌ Draft REJECTED: expected 1909, got 1429
🔍 Match found at ngram_size 3: [315, 279, 1429] -> drafts [5411, 11674, 504, 3213]
✅ Draft ACCEPTED: 5411
✅ Draft ACCEPTED: 11674
❌ Draft REJECTED: expected 504, got 3118
🔍 Match found at ngram_size 3: [13, 358, 3278] -> drafts [1083, 2908, 11674, 429]
❌ Draft REJECTED: expected 1083, got 2924
🔍 Match found at ngram_size 3: [11674, 429, 614] -> drafts [1030, 1293, 64165, 22538]
❌ Draft REJECTED: expected 1030, got 1012
🔍 Match found at ngram_size 4: [11674, 429, 614, 1012] -> drafts [389, 279, 26131, 369]
✅ Draft ACCEPTED: 389
✅ Draft ACCEPTED: 279
✅ Draft ACCEPTED: 26131
✅ Draft ACCEPTED: 369
🔍 Match found at ngram_size 3: [358, 1184, 311] -> drafts [19192, 264, 1140, 315]
❌ Draft REJECTED: expected 19192, got 1281
🔍 Match found at ngram_size 4: [358, 1184, 311, 1281] -> drafts [2704, 358, 2924, 279]
✅ Draft ACCEPTED: 2704
❌ Draft REJECTED: expected 358, got 279
🔍 Match found at ngram_size 3: [358, 646, 944] -> drafts [3410, 279, 4734, 1482]
❌ Draft REJECTED: expected 3410, got 2615
🔍 Match found at ngram_size 4: [358, 646, 944, 2615] -> drafts [3887, 821, 11, 358]
✅ Draft ACCEPTED: 3887
✅ Draft ACCEPTED: 821
✅ Draft ACCEPTED: 11
✅ Draft ACCEPTED: 358
🔍 Match found at ngram_size 3: [13, 4354, 11] -> drafts [2474, 358, 646, 944]
❌ Draft REJECTED: expected 2474, got 358
🔍 Match found at ngram_size 3: [11, 358, 646] -> drafts [944, 3410, 279, 4734]
❌ Draft REJECTED: expected 944, got 1430
🔍 Match found at ngram_size 3: [1191, 553, 88646] -> drafts [1045, 315, 279, 1429]
✅ Draft ACCEPTED: 1045
✅ Draft ACCEPTED: 315
✅ Draft ACCEPTED: 279
❌ Draft REJECTED: expected 1429, got 1909
🔍 Match found at ngram_size 3: [315, 279, 1909] -> drafts [220, 20, 15, 11674]
❌ Draft REJECTED: expected 220, got 11674
🔍 Match found at ngram_size 3: [11674, 504, 3213] -> drafts [1635, 323, 2924, 1105]
✅ Draft ACCEPTED: 1635
❌ Draft REJECTED: expected 323, got 13
🔍 Match found at ngram_size 3: [3213, 1635, 13] -> drafts [1988, 2041, 3151, 882]
❌ Draft REJECTED: expected 1988, got 1752
🔍 Match found at ngram_size 3: [13, 1752, 3110] -> drafts [11, 279, 6424, 9487]
✅ Draft ACCEPTED: 11
❌ Draft REJECTED: expected 279, got 330
🔍 Match found at ngram_size 3: [330, 3882, 15965] -> drafts [1, 553, 386, 17801]
✅ Draft ACCEPTED: 1
✅ Draft ACCEPTED: 553
✅ Draft ACCEPTED: 386
✅ Draft ACCEPTED: 17801
🔍 Match found at ngram_size 5: [1, 553, 386, 17801, 70824] -> drafts [11, 330, 15216, 220]
❌ Draft REJECTED: expected 11, got 1549
🔍 Match found at ngram_size 3: [11, 330, 3882] -> drafts [15965, 1, 553, 386]
✅ Draft ACCEPTED: 15965
✅ Draft ACCEPTED: 1
✅ Draft ACCEPTED: 553
✅ Draft ACCEPTED: 386
🔍 Match found at ngram_size 5: [15965, 1, 553, 386, 17801] -> drafts [70824, 1549, 13, 13824]
✅ Draft ACCEPTED: 70824
❌ Draft REJECTED: expected 1549, got 572
🔍 Match found at ngram_size 3: [8007, 220, 16] -> drafts [15, 15, 374, 279]
✅ Draft ACCEPTED: 15
✅ Draft ACCEPTED: 15
❌ Draft REJECTED: expected 374, got 11
🔍 Match found at ngram_size 3: [382, 40, 1265] -> drafts [1083, 2908, 429, 22538]
✅ Draft ACCEPTED: 1083
❌ Draft REJECTED: expected 2908, got 2924
🔍 Match found at ngram_size 3: [2924, 11674, 504] -> drafts [2155, 26131, 476, 35644]
❌ Draft REJECTED: expected 2155, got 5257
🔍 Match found at ngram_size 3: [70824, 11, 330] -> drafts [15216, 220, 19, 547]
❌ Draft REJECTED: expected 15216, got 4923
🔍 Match found at ngram_size 3: [1, 553, 576] -> drafts [10348, 303, 11, 330]
✅ Draft ACCEPTED: 10348
✅ Draft ACCEPTED: 303
✅ Draft ACCEPTED: 11
❌ Draft REJECTED: expected 330, got 323
🔍 Match found at ngram_size 3: [11, 323, 330] -> drafts [3882, 15965, 1, 553]
❌ Draft REJECTED: expected 3882, got 34
🔍 Match found at ngram_size 3: [11674, 1075, 330] -> drafts [34, 2672, 301, 18836]
✅ Draft ACCEPTED: 34
❌ Draft REJECTED: expected 2672, got 7673
🔍 Match found at ngram_size 3: [330, 34, 7673] -> drafts [6285, 1, 553, 20603]
✅ Draft ACCEPTED: 6285
✅ Draft ACCEPTED: 1
✅ Draft ACCEPTED: 553
✅ Draft ACCEPTED: 20603
🔍 Match found at ngram_size 5: [6285, 1, 553, 20603, 39971] -> drafts [67038, 13, 5005, 11]
✅ Draft ACCEPTED: 67038
❌ Draft REJECTED: expected 13, got 11
🔍 Match found at ngram_size 3: [11, 323, 330] -> drafts [34, 7673, 6285, 1]
✅ Draft ACCEPTED: 34
❌ Draft REJECTED: expected 7673, got 2672
🔍 Match found at ngram_size 3: [330, 34, 2672] -> drafts [301, 18836, 1, 553]
✅ Draft ACCEPTED: 301
✅ Draft ACCEPTED: 18836
✅ Draft ACCEPTED: 1
✅ Draft ACCEPTED: 553
🔍 Match found at ngram_size 5: [301, 18836, 1, 553, 32819] -> drafts [13255, 70824, 11, 330]
✅ Draft ACCEPTED: 13255
✅ Draft ACCEPTED: 70824
❌ Draft REJECTED: expected 11, got 382
🔍 Match found at ngram_size 3: [11674, 1075, 330] -> drafts [34, 7673, 6285, 1]
❌ Draft REJECTED: expected 34, got 3882
🔍 Match found at ngram_size 3: [330, 3882, 15965] -> drafts [1, 553, 386, 17801]
✅ Draft ACCEPTED: 1
✅ Draft ACCEPTED: 553
✅ Draft ACCEPTED: 386
✅ Draft ACCEPTED: 17801
🔍 Match found at ngram_size 5: [1, 553, 386, 17801, 70824] -> drafts [572, 389, 279, 8007]
❌ Draft REJECTED: expected 572, got 11
🔍 Match found at ngram_size 5: [553, 386, 17801, 70824, 11] -> drafts [330, 15216, 220, 19]
✅ Draft ACCEPTED: 330
❌ Draft REJECTED: expected 15216, got 2304
🔍 Match found at ngram_size 3: [11, 330, 2304] -> drafts [85, 49544, 1, 553]
✅ Draft ACCEPTED: 85
✅ Draft ACCEPTED: 49544
✅ Draft ACCEPTED: 1
✅ Draft ACCEPTED: 553
🔍 Match found at ngram_size 5: [85, 49544, 1, 553, 422] -> drafts [4284, 41139, 64, 11]
✅ Draft ACCEPTED: 4284
✅ Draft ACCEPTED: 41139
✅ Draft ACCEPTED: 64
✅ Draft ACCEPTED: 11
🔍 Match found at ngram_size 3: [11, 323, 330] -> drafts [34, 2672, 301, 18836]
✅ Draft ACCEPTED: 34
❌ Draft REJECTED: expected 2672, got 7673
🔍 Match found at ngram_size 5: [11, 323, 330, 34, 7673] -> drafts [6285, 1, 553, 20603]
✅ Draft ACCEPTED: 6285
✅ Draft ACCEPTED: 1
✅ Draft ACCEPTED: 553
✅ Draft ACCEPTED: 20603
🔍 Match found at ngram_size 5: [6285, 1, 553, 20603, 39971] -> drafts [67038, 11, 330, 2403]
✅ Draft ACCEPTED: 67038
❌ Draft REJECTED: expected 11, got 13
🔍 Match found at ngram_size 5: [553, 20603, 39971, 67038, 13] -> drafts [5005, 11, 1045, 431]
❌ Draft REJECTED: expected 5005, got 10696
🔍 Match found at ngram_size 3: [11674, 1075, 330] -> drafts [3882, 15965, 1, 553]
❌ Draft REJECTED: expected 3882, got 2121
🔍 Match found at ngram_size 3: [330, 2121, 1084] -> drafts [14804, 1, 553, 13928]
✅ Draft ACCEPTED: 14804
✅ Draft ACCEPTED: 1
✅ Draft ACCEPTED: 553
✅ Draft ACCEPTED: 13928
🔍 Match found at ngram_size 5: [14804, 1, 553, 13928, 37370] -> drafts [11, 330, 3882, 15965]
✅ Draft ACCEPTED: 11
✅ Draft ACCEPTED: 330
✅ Draft ACCEPTED: 3882
✅ Draft ACCEPTED: 15965
🔍 Match found at ngram_size 5: [11, 330, 3882, 15965, 1] -> drafts [553, 386, 17801, 70824]
✅ Draft ACCEPTED: 553
✅ Draft ACCEPTED: 386
✅ Draft ACCEPTED: 17801
✅ Draft ACCEPTED: 70824
🔍 Match found at ngram_size 5: [553, 386, 17801, 70824, 11] -> drafts [330, 2304, 85, 49544]
❌ Draft REJECTED: expected 330, got 323
🔍 Match found at ngram_size 3: [11, 323, 330] -> drafts [34, 7673, 6285, 1]
✅ Draft ACCEPTED: 34
✅ Draft ACCEPTED: 7673
✅ Draft ACCEPTED: 6285
✅ Draft ACCEPTED: 1
🔍 Match found at ngram_size 5: [34, 7673, 6285, 1, 553] -> drafts [20603, 39971, 67038, 13]
✅ Draft ACCEPTED: 20603
✅ Draft ACCEPTED: 39971
✅ Draft ACCEPTED: 67038
❌ Draft REJECTED: expected 13, got 382
🔍 Match found at ngram_size 3: [382, 14190, 11] -> drafts [358, 1184, 311, 1281]
❌ Draft REJECTED: expected 358, got 279
🔍 Match found at ngram_size 3: [11, 279, 1196] -> drafts [2578, 387, 3330, 369]
✅ Draft ACCEPTED: 2578
❌ Draft REJECTED: expected 387, got 537
🔍 Match found at ngram_size 3: [358, 1184, 311] -> drafts [1281, 2704, 279, 1140]
❌ Draft REJECTED: expected 1281, got 5978
🔍 Match found at ngram_size 3: [13, 6771, 752] -> drafts [1744, 911, 1246, 311]
❌ Draft REJECTED: expected 1744, got 1779
🔍 Match found at ngram_size 3: [13, 1752, 3110] -> drafts [11, 330, 2304, 85]
✅ Draft ACCEPTED: 11
✅ Draft ACCEPTED: 330
❌ Draft REJECTED: expected 2304, got 3882
🔍 Match found at ngram_size 3: [11, 330, 3882] -> drafts [15965, 1, 553, 386]
✅ Draft ACCEPTED: 15965
✅ Draft ACCEPTED: 1
✅ Draft ACCEPTED: 553
✅ Draft ACCEPTED: 386
🔍 Match found at ngram_size 5: [15965, 1, 553, 386, 17801] -> drafts [70824, 11, 323, 330]
✅ Draft ACCEPTED: 70824
❌ Draft REJECTED: expected 11, got 323
🔍 Match found at ngram_size 3: [323, 330, 34] -> drafts [7673, 6285, 1, 553]
✅ Draft ACCEPTED: 7673
✅ Draft ACCEPTED: 6285
✅ Draft ACCEPTED: 1
✅ Draft ACCEPTED: 553
🔍 Match found at ngram_size 5: [7673, 6285, 1, 553, 20603] -> drafts [39971, 67038, 382, 14190]
✅ Draft ACCEPTED: 39971
✅ Draft ACCEPTED: 67038
❌ Draft REJECTED: expected 382, got 525
🔍 Match found at ngram_size 3: [279, 1140, 11] -> drafts [902, 220, 151667, 9492]
❌ Draft REJECTED: expected 902, got 714
🔍 Match found at ngram_size 3: [3941, 2155, 26131] -> drafts [323, 35644, 11, 21080]
❌ Draft REJECTED: expected 323, got 13
🔍 Match found at ngram_size 3: [13, 1752, 3110] -> drafts [11, 330, 3882, 15965]
✅ Draft ACCEPTED: 11
✅ Draft ACCEPTED: 330
❌ Draft REJECTED: expected 3882, got 2304
🔍 Match found at ngram_size 5: [1752, 3110, 11, 330, 2304] -> drafts [85, 49544, 1, 553]
✅ Draft ACCEPTED: 85
✅ Draft ACCEPTED: 49544
✅ Draft ACCEPTED: 1
❌ Draft REJECTED: expected 553, got 572
🔍 Match found at ngram_size 3: [389, 279, 8007] -> drafts [220, 16, 15, 15]
✅ Draft ACCEPTED: 220
✅ Draft ACCEPTED: 16
✅ Draft ACCEPTED: 15
✅ Draft ACCEPTED: 15
🔍 Match found at ngram_size 5: [220, 16, 15, 15, 323] -> drafts [1490, 892, 11674, 614]
❌ Draft REJECTED: expected 1490, got 1083
🔍 Match found at ngram_size 3: [330, 34, 2672] -> drafts [301, 18836, 1, 553]
✅ Draft ACCEPTED: 301
✅ Draft ACCEPTED: 18836
✅ Draft ACCEPTED: 1
✅ Draft ACCEPTED: 553
🔍 Match found at ngram_size 5: [301, 18836, 1, 553, 32819] -> drafts [13255, 70824, 382, 35052]
✅ Draft ACCEPTED: 13255
✅ Draft ACCEPTED: 70824
❌ Draft REJECTED: expected 382, got 572
🔍 Match found at ngram_size 3: [4201, 389, 279] -> drafts [8007, 220, 16, 15]
✅ Draft ACCEPTED: 8007
✅ Draft ACCEPTED: 220
✅ Draft ACCEPTED: 16
✅ Draft ACCEPTED: 15
🔍 Match found at ngram_size 5: [8007, 220, 16, 15, 15] -> drafts [323, 1083, 389, 1008]
✅ Draft ACCEPTED: 323
✅ Draft ACCEPTED: 1083
✅ Draft ACCEPTED: 389
❌ Draft REJECTED: expected 1008, got 279
🔍 Match found at ngram_size 3: [26131, 13, 330] -> drafts [34, 2672, 301, 18836]
❌ Draft REJECTED: expected 34, got 2121
🔍 Match found at ngram_size 3: [330, 2121, 1084] -> drafts [14804, 1, 553, 13928]
✅ Draft ACCEPTED: 14804
✅ Draft ACCEPTED: 1
✅ Draft ACCEPTED: 553
✅ Draft ACCEPTED: 13928
🔍 Match found at ngram_size 5: [14804, 1, 553, 13928, 37370] -> drafts [11, 330, 3882, 15965]
❌ Draft REJECTED: expected 11, got 572
🔍 Match found at ngram_size 3: [572, 264, 1909] -> drafts [4201, 389, 279, 8007]
✅ Draft ACCEPTED: 4201
✅ Draft ACCEPTED: 389
✅ Draft ACCEPTED: 279
✅ Draft ACCEPTED: 8007
🔍 Match found at ngram_size 5: [4201, 389, 279, 8007, 220] -> drafts [16, 15, 15, 323]
✅ Draft ACCEPTED: 16
✅ Draft ACCEPTED: 15
✅ Draft ACCEPTED: 15
✅ Draft ACCEPTED: 323
🔍 Match found at ngram_size 3: [1184, 311, 19192] -> drafts [264, 1140, 315, 279]
✅ Draft ACCEPTED: 264
✅ Draft ACCEPTED: 1140
✅ Draft ACCEPTED: 315
❌ Draft REJECTED: expected 279, got 220
🔍 Match found at ngram_size 3: [220, 20, 15] -> drafts [11674, 315, 678, 882]
✅ Draft ACCEPTED: 11674
❌ Draft REJECTED: expected 315, got 11
🔍 Match found at ngram_size 3: [13, 6771, 752] -> drafts [1779, 369, 59057, 13]
❌ Draft REJECTED: expected 1779, got 1744
🔍 Match found at ngram_size 4: [13, 6771, 752, 1744] -> drafts [911, 1246, 311, 5486]
❌ Draft REJECTED: expected 911, got 315
🔍 Match found at ngram_size 3: [315, 11674, 429] -> drafts [614, 1012, 7945, 5411]
✅ Draft ACCEPTED: 614
❌ Draft REJECTED: expected 1012, got 1030
🔍 Match found at ngram_size 4: [11674, 429, 614, 1030] -> drafts [1293, 64165, 22538, 11]
✅ Draft ACCEPTED: 1293
✅ Draft ACCEPTED: 64165
✅ Draft ACCEPTED: 22538
✅ Draft ACCEPTED: 11
🔍 Match found at ngram_size 5: [1293, 64165, 22538, 11, 1075] -> drafts [11416, 12983, 504, 279]
❌ Draft REJECTED: expected 11416, got 330
🔍 Match found at ngram_size 3: [389, 279, 26131] -> drafts [369, 11577, 18346, 323]
✅ Draft ACCEPTED: 369
❌ Draft REJECTED: expected 11577, got 264
🔍 Match found at ngram_size 5: [389, 279, 26131, 369, 264] -> drafts [1393, 382, 40, 1265]
❌ Draft REJECTED: expected 1393, got 1293
🔍 Match found at ngram_size 3: [279, 1196, 2578] -> drafts [537, 1366, 42328, 13]
❌ Draft REJECTED: expected 537, got 1366
🔍 Match found at ngram_size 4: [279, 1196, 2578, 1366] -> drafts [279, 1140, 304, 264]
✅ Draft ACCEPTED: 279
❌ Draft REJECTED: expected 1140, got 1429
🔍 Match found at ngram_size 3: [220, 20, 15] -> drafts [11674, 11, 3259, 2704]
✅ Draft ACCEPTED: 11674
✅ Draft ACCEPTED: 11
❌ Draft REJECTED: expected 3259, got 773
🔍 Match found at ngram_size 3: [11, 773, 358] -> drafts [3278, 9214, 448, 264]
❌ Draft REJECTED: expected 3278, got 1265
🔍 Match found at ngram_size 3: [3213, 9487, 2385] -> drafts [7008, 11674, 382, 14190]
✅ Draft ACCEPTED: 7008
✅ Draft ACCEPTED: 11674
❌ Draft REJECTED: expected 382, got 13
🔍 Match found at ngram_size 3: [11674, 13, 4354] -> drafts [11, 279, 1196, 9733]
✅ Draft ACCEPTED: 11
❌ Draft REJECTED: expected 279, got 358
🔍 Match found at ngram_size 4: [13, 4354, 11, 358] -> drafts [646, 1430, 311, 2924]
✅ Draft ACCEPTED: 646
❌ Draft REJECTED: expected 1430, got 944
🔍 Match found at ngram_size 4: [11, 358, 646, 944] -> drafts [3410, 279, 4734, 1482]
❌ Draft REJECTED: expected 3410, got 2615
🔍 Match found at ngram_size 4: [358, 646, 944, 2615] -> drafts [3887, 821, 11, 358]
✅ Draft ACCEPTED: 3887
✅ Draft ACCEPTED: 821
✅ Draft ACCEPTED: 11
❌ Draft REJECTED: expected 358, got 773
🔍 Match found at ngram_size 3: [11, 773, 358] -> drafts [1265, 5244, 389, 3213]
❌ Draft REJECTED: expected 1265, got 3278
🔍 Match found at ngram_size 4: [11, 773, 358, 3278] -> drafts [9214, 448, 264, 3644]
❌ Draft REJECTED: expected 9214, got 614
🔍 Match found at ngram_size 3: [358, 3278, 614] -> drafts [311, 17188, 389, 13656]
✅ Draft ACCEPTED: 311
✅ Draft ACCEPTED: 17188
✅ Draft ACCEPTED: 389
❌ Draft REJECTED: expected 13656, got 3267
🔍 Match found at ngram_size 3: [382, 40, 1265] -> drafts [1083, 2924, 11674, 504]
✅ Draft ACCEPTED: 1083
✅ Draft ACCEPTED: 2924
✅ Draft ACCEPTED: 11674
❌ Draft REJECTED: expected 504, got 429
🔍 Match found at ngram_size 3: [2924, 11674, 429] -> drafts [614, 1012, 389, 279]
✅ Draft ACCEPTED: 614
❌ Draft REJECTED: expected 1012, got 1030
🔍 Match found at ngram_size 4: [11674, 429, 614, 1030] -> drafts [1293, 64165, 22538, 11]
❌ Draft REJECTED: expected 1293, got 5089
🔍 Match found at ngram_size 3: [16842, 5109, 11] -> drafts [3590, 3687, 19805, 11]
❌ Draft REJECTED: expected 3590, got 1496
🔍 Match found at ngram_size 3: [13, 1752, 3110] -> drafts [11, 330, 2304, 85]
✅ Draft ACCEPTED: 11
✅ Draft ACCEPTED: 330
❌ Draft REJECTED: expected 2304, got 18284
🔍 Match found at ngram_size 3: [32819, 13255, 70824] -> drafts [572, 264, 1909, 4201]
❌ Draft REJECTED: expected 572, got 1030
🔍 Match found at ngram_size 3: [315, 279, 1429] -> drafts [5411, 11674, 3118, 389]
✅ Draft ACCEPTED: 5411
✅ Draft ACCEPTED: 11674
❌ Draft REJECTED: expected 3118, got 315
🔍 Match found at ngram_size 3: [11674, 315, 678] -> drafts [882, 11, 714, 429]
✅ Draft ACCEPTED: 882
❌ Draft REJECTED: expected 11, got 382
🔍 Match found at ngram_size 3: [382, 14037, 3381] -> drafts [25, 279, 1196, 2578]
✅ Draft ACCEPTED: 25
✅ Draft ACCEPTED: 279
✅ Draft ACCEPTED: 1196
✅ Draft ACCEPTED: 2578
🔍 Match found at ngram_size 5: [25, 279, 1196, 2578, 387] -> drafts [3330, 369, 11674, 429]
✅ Draft ACCEPTED: 3330
✅ Draft ACCEPTED: 369
❌ Draft REJECTED: expected 11674, got 264
🔍 Match found at ngram_size 5: [2578, 387, 3330, 369, 264] -> drafts [1140, 315, 11674, 429]
❌ Draft REJECTED: expected 1140, got 6514
🔍 Match found at ngram_size 3: [264, 6514, 315] -> drafts [3213, 323, 11416, 12983]
❌ Draft REJECTED: expected 3213, got 1909
🔍 Match found at ngram_size 3: [1909, 220, 20] -> drafts [15, 11674, 315, 678]
✅ Draft ACCEPTED: 15
✅ Draft ACCEPTED: 11674
❌ Draft REJECTED: expected 315, got 504
🔍 Match found at ngram_size 3: [11674, 504, 2155] -> drafts [26131, 476, 35644, 13]
❌ Draft REJECTED: expected 26131, got 10793
🔍 Match found at ngram_size 3: [13, 1752, 3110] -> drafts [11, 330, 18284, 13971]
✅ Draft ACCEPTED: 11
❌ Draft REJECTED: expected 330, got 5916
🔍 Match found at ngram_size 3: [220, 16, 24] -> drafts [21, 15, 82, 11]
❌ Draft REJECTED: expected 21, got 22
🔍 Match found at ngram_size 3: [15, 82, 11] -> drafts [220, 16, 24, 22]
✅ Draft ACCEPTED: 220
✅ Draft ACCEPTED: 16
✅ Draft ACCEPTED: 24
❌ Draft REJECTED: expected 22, got 23
🔍 Match found at ngram_size 3: [15, 82, 11] -> drafts [220, 16, 24, 23]
✅ Draft ACCEPTED: 220
✅ Draft ACCEPTED: 16
✅ Draft ACCEPTED: 24
❌ Draft REJECTED: expected 23, got 24
🔍 Match found at ngram_size 3: [15, 82, 11] -> drafts [220, 16, 24, 24]
❌ Draft REJECTED: expected 220, got 323
🔍 Match found at ngram_size 3: [3213, 1635, 13] -> drafts [1752, 3110, 11, 330]
❌ Draft REJECTED: expected 1752, got 1988
🔍 Match found at ngram_size 4: [3213, 1635, 13, 1988] -> drafts [2041, 3151, 882, 23719]
❌ Draft REJECTED: expected 2041, got 1549
🔍 Match found at ngram_size 3: [13, 1988, 1549] -> drafts [11, 2041, 3151, 821]
✅ Draft ACCEPTED: 11
✅ Draft ACCEPTED: 2041
✅ Draft ACCEPTED: 3151
✅ Draft ACCEPTED: 821
🔍 Match found at ngram_size 5: [11, 2041, 3151, 821, 11] -> drafts [358, 646, 944, 7683]
❌ Draft REJECTED: expected 358, got 432
🔍 Match found at ngram_size 3: [11, 432, 594] -> drafts [17003, 311, 8253, 382]
❌ Draft REJECTED: expected 17003, got 2588
🔍 Match found at ngram_size 4: [11, 432, 594, 2588] -> drafts [311, 15026, 432, 1495]
✅ Draft ACCEPTED: 311
❌ Draft REJECTED: expected 15026, got 8253
🔍 Match found at ngram_size 3: [311, 8253, 382] -> drafts [641, 279, 19265, 315]
❌ Draft REJECTED: expected 641, got 92014
🔍 Match found at ngram_size 3: [382, 92014, 11] -> drafts [279, 1196, 2578, 387]
✅ Draft ACCEPTED: 279
✅ Draft ACCEPTED: 1196
✅ Draft ACCEPTED: 2578
✅ Draft ACCEPTED: 387
🔍 Match found at ngram_size 5: [279, 1196, 2578, 387, 3330] -> drafts [369, 264, 6514, 315]
✅ Draft ACCEPTED: 369
❌ Draft REJECTED: expected 264, got 11674
🔍 Match found at ngram_size 5: [2578, 387, 3330, 369, 11674] -> drafts [429, 614, 1012, 389]
✅ Draft ACCEPTED: 429
✅ Draft ACCEPTED: 614
✅ Draft ACCEPTED: 1012
✅ Draft ACCEPTED: 389
🔍 Match found at ngram_size 5: [429, 614, 1012, 389, 279] -> drafts [26131, 369, 11577, 18346]
✅ Draft ACCEPTED: 26131
✅ Draft ACCEPTED: 369
❌ Draft REJECTED: expected 11577, got 279
🔍 Match found at ngram_size 3: [13, 1752, 3110] -> drafts [11, 5916, 448, 279]
✅ Draft ACCEPTED: 11
❌ Draft REJECTED: expected 5916, got 330
🔍 Match found at ngram_size 5: [13, 1752, 3110, 11, 330] -> drafts [18284, 13971, 9536, 1]
❌ Draft REJECTED: expected 18284, got 40
🔍 Match found at ngram_size 3: [330, 40, 4841] -> drafts [28778, 533, 1, 553]
✅ Draft ACCEPTED: 28778
✅ Draft ACCEPTED: 533
✅ Draft ACCEPTED: 1
✅ Draft ACCEPTED: 553
🔍 Match found at ngram_size 5: [28778, 533, 1, 553, 74993] -> drafts [20677, 44707, 476, 330]
✅ Draft ACCEPTED: 20677
✅ Draft ACCEPTED: 44707
❌ Draft REJECTED: expected 476, got 11
🔍 Match found at ngram_size 3: [572, 389, 279] -> drafts [8007, 220, 16, 15]
✅ Draft ACCEPTED: 8007
✅ Draft ACCEPTED: 220
✅ Draft ACCEPTED: 16
✅ Draft ACCEPTED: 15
🔍 Match found at ngram_size 5: [8007, 220, 16, 15, 15] -> drafts [323, 1008, 26131, 382]
❌ Draft REJECTED: expected 323, got 369
🔍 Match found at ngram_size 3: [220, 16, 24] -> drafts [24, 15, 82, 11]
❌ Draft REJECTED: expected 24, got 23
🔍 Match found at ngram_size 4: [220, 16, 24, 23] -> drafts [15, 82, 11, 220]
❌ Draft REJECTED: expected 15, got 18
🔍 Match found at ngram_size 3: [11, 892, 572] -> drafts [389, 279, 8007, 220]
❌ Draft REJECTED: expected 389, got 264
🔍 Match found at ngram_size 3: [572, 264, 1909] -> drafts [4201, 389, 279, 8007]
✅ Draft ACCEPTED: 4201
❌ Draft REJECTED: expected 389, got 304
🔍 Match found at ngram_size 3: [279, 220, 16] -> drafts [24, 21, 15, 82]
✅ Draft ACCEPTED: 24
✅ Draft ACCEPTED: 21
✅ Draft ACCEPTED: 15
✅ Draft ACCEPTED: 82
🔍 Match found at ngram_size 3: [382, 3983, 279] -> drafts [1196, 2578, 1366, 279]
✅ Draft ACCEPTED: 1196
❌ Draft REJECTED: expected 2578, got 11689
🔍 Match found at ngram_size 3: [369, 279, 1909] -> drafts [220, 20, 15, 11674]
✅ Draft ACCEPTED: 220
✅ Draft ACCEPTED: 20
✅ Draft ACCEPTED: 15
❌ Draft REJECTED: expected 11674, got 1429
🔍 Match found at ngram_size 5: [1909, 220, 20, 15, 1429] -> drafts [5411, 11674, 1140, 13]
✅ Draft ACCEPTED: 5411
✅ Draft ACCEPTED: 11674
✅ Draft ACCEPTED: 1140
❌ Draft REJECTED: expected 13, got 11
🔍 Match found at ngram_size 3: [11, 773, 358] -> drafts [3278, 614, 311, 17188]
❌ Draft REJECTED: expected 3278, got 1184
🔍 Match found at ngram_size 3: [358, 1184, 311] -> drafts [5978, 1817, 5492, 374]
✅ Draft ACCEPTED: 5978
❌ Draft REJECTED: expected 1817, got 279
🔍 Match found at ngram_size 3: [279, 1140, 374] -> drafts [13382, 323, 705, 4686]
✅ Draft ACCEPTED: 13382
✅ Draft ACCEPTED: 323
❌ Draft REJECTED: expected 705, got 14521
🔍 Match found at ngram_size 3: [279, 1429, 5411] -> drafts [11674, 315, 678, 882]
✅ Draft ACCEPTED: 11674
❌ Draft REJECTED: expected 315, got 304
🔍 Match found at ngram_size 3: [9487, 5068, 323] -> drafts [4586, 17843, 13, 358]
❌ Draft REJECTED: expected 4586, got 16842
🔍 Match found at ngram_size 3: [3278, 1191, 553] -> drafts [88646, 1045, 315, 279]
❌ Draft REJECTED: expected 88646, got 14838
🔍 Match found at ngram_size 3: [279, 1909, 220] -> drafts [20, 15, 1429, 5411]
❌ Draft REJECTED: expected 20, got 16
🔍 Match found at ngram_size 3: [220, 16, 15] -> drafts [15, 369, 220, 16]
❌ Draft REJECTED: expected 15, got 11674
🔍 Match found at ngram_size 3: [15, 11674, 504] -> drafts [2155, 10793, 13, 1752]
❌ Draft REJECTED: expected 2155, got 3213
🔍 Match found at ngram_size 3: [11674, 504, 3213] -> drafts [1635, 13, 1752, 3110]
✅ Draft ACCEPTED: 1635
❌ Draft REJECTED: expected 13, got 11
🔍 Match found at ngram_size 3: [9487, 5068, 323] -> drafts [16842, 5109, 382, 40]
❌ Draft REJECTED: expected 16842, got 22538
🔍 Match found at ngram_size 3: [13, 358, 3278] -> drafts [2924, 11674, 429, 614]
❌ Draft REJECTED: expected 2924, got 1281
🔍 Match found at ngram_size 3: [1817, 5492, 374] -> drafts [10007, 3055, 13, 6771]
❌ Draft REJECTED: expected 10007, got 4911
🔍 Match found at ngram_size 3: [382, 14190, 11] -> drafts [279, 1196, 2578, 537]
❌ Draft REJECTED: expected 279, got 358
🔍 Match found at ngram_size 4: [382, 14190, 11, 358] -> drafts [1184, 311, 1281, 2704]
✅ Draft ACCEPTED: 1184
✅ Draft ACCEPTED: 311
❌ Draft REJECTED: expected 1281, got 1779
🔍 Match found at ngram_size 3: [279, 1429, 5411] -> drafts [11674, 304, 3793, 315]
✅ Draft ACCEPTED: 11674
✅ Draft ACCEPTED: 304
✅ Draft ACCEPTED: 3793
✅ Draft ACCEPTED: 315
🔍 Match found at ngram_size 3: [13, 1752, 3110] -> drafts [11, 330, 40, 4841]
✅ Draft ACCEPTED: 11
✅ Draft ACCEPTED: 330
❌ Draft REJECTED: expected 40, got 18284
🔍 Match found at ngram_size 5: [1752, 3110, 11, 330, 18284] -> drafts [13971, 9536, 1, 553]
✅ Draft ACCEPTED: 13971
✅ Draft ACCEPTED: 9536
✅ Draft ACCEPTED: 1
❌ Draft REJECTED: expected 553, got 1030
🔍 Match found at ngram_size 3: [1030, 264, 10951] -> drafts [16842, 7760, 11, 3259]
✅ Draft ACCEPTED: 16842
✅ Draft ACCEPTED: 7760
✅ Draft ACCEPTED: 11
✅ Draft ACCEPTED: 3259
🔍 Match found at ngram_size 5: [16842, 7760, 11, 3259, 432] -> drafts [825, 315, 279, 1429]
✅ Draft ACCEPTED: 825
✅ Draft ACCEPTED: 315
✅ Draft ACCEPTED: 279
✅ Draft ACCEPTED: 1429
🔍 Match found at ngram_size 3: [13, 330, 34] -> drafts [2672, 301, 18836, 1]
✅ Draft ACCEPTED: 2672
✅ Draft ACCEPTED: 301
✅ Draft ACCEPTED: 18836
✅ Draft ACCEPTED: 1
🔍 Match found at ngram_size 5: [2672, 301, 18836, 1, 553] -> drafts [32819, 13255, 70824, 572]
✅ Draft ACCEPTED: 32819
✅ Draft ACCEPTED: 13255
✅ Draft ACCEPTED: 70824
✅ Draft ACCEPTED: 572
🔍 Match found at ngram_size 3: [264, 1909, 4201] -> drafts [304, 279, 220, 16]
❌ Draft REJECTED: expected 304, got 389
🔍 Match found at ngram_size 4: [264, 1909, 4201, 389] -> drafts [279, 8007, 220, 16]
❌ Draft REJECTED: expected 279, got 72742
🔍 Match found at ngram_size 3: [4201, 389, 72742] -> drafts [52854, 13, 10696, 429]
✅ Draft ACCEPTED: 52854
❌ Draft REJECTED: expected 13, got 11
🔍 Match found at ngram_size 3: [382, 40, 1265] -> drafts [1083, 2924, 11674, 429]
❌ Draft REJECTED: expected 1083, got 2924
🔍 Match found at ngram_size 3: [2924, 11674, 429] -> drafts [614, 1030, 5089, 16842]
✅ Draft ACCEPTED: 614
✅ Draft ACCEPTED: 1030
❌ Draft REJECTED: expected 5089, got 1293
🔍 Match found at ngram_size 5: [11674, 429, 614, 1030, 1293] -> drafts [64165, 22538, 11, 1075]
✅ Draft ACCEPTED: 64165
✅ Draft ACCEPTED: 22538
✅ Draft ACCEPTED: 11
✅ Draft ACCEPTED: 1075
🔍 Match found at ngram_size 5: [64165, 22538, 11, 1075, 330] -> drafts [40, 4841, 28778, 533]
❌ Draft REJECTED: expected 40, got 2403
🔍 Match found at ngram_size 3: [330, 2403, 358] -> drafts [23252, 1, 553, 3155]
✅ Draft ACCEPTED: 23252
✅ Draft ACCEPTED: 1
✅ Draft ACCEPTED: 553
✅ Draft ACCEPTED: 3155
🔍 Match found at ngram_size 5: [23252, 1, 553, 3155, 5580] -> drafts [17358, 11, 323, 330]
✅ Draft ACCEPTED: 17358
✅ Draft ACCEPTED: 11
❌ Draft REJECTED: expected 323, got 892
🔍 Match found at ngram_size 3: [1012, 389, 279] -> drafts [26131, 369, 279, 22032]
✅ Draft ACCEPTED: 26131
✅ Draft ACCEPTED: 369
❌ Draft REJECTED: expected 279, got 3807
🔍 Match found at ngram_size 3: [13, 330, 34] -> drafts [2672, 301, 18836, 1]
❌ Draft REJECTED: expected 2672, got 7673
🔍 Match found at ngram_size 3: [330, 34, 7673] -> drafts [6285, 1, 553, 20603]
✅ Draft ACCEPTED: 6285
✅ Draft ACCEPTED: 1
✅ Draft ACCEPTED: 553
✅ Draft ACCEPTED: 20603
🔍 Match found at ngram_size 5: [6285, 1, 553, 20603, 39971] -> drafts [67038, 525, 2176, 389]
✅ Draft ACCEPTED: 67038
❌ Draft REJECTED: expected 525, got 11
🔍 Match found at ngram_size 5: [553, 20603, 39971, 67038, 11] -> drafts [330, 2403, 358, 23252]
❌ Draft REJECTED: expected 330, got 892
🔍 Match found at ngram_size 3: [11, 892, 702] -> drafts [1012, 389, 279, 26131]
✅ Draft ACCEPTED: 1012
❌ Draft REJECTED: expected 389, got 264
🔍 Match found at ngram_size 3: [264, 1909, 4201] -> drafts [389, 72742, 52854, 11]
✅ Draft ACCEPTED: 389
❌ Draft REJECTED: expected 72742, got 279
🔍 Match found at ngram_size 5: [264, 1909, 4201, 389, 279] -> drafts [8007, 220, 16, 15]
✅ Draft ACCEPTED: 8007
✅ Draft ACCEPTED: 220
✅ Draft ACCEPTED: 16
✅ Draft ACCEPTED: 15
🔍 Match found at ngram_size 5: [8007, 220, 16, 15, 15] -> drafts [369, 220, 16, 22]
❌ Draft REJECTED: expected 369, got 323
🔍 Match found at ngram_size 5: [220, 16, 15, 15, 323] -> drafts [1008, 26131, 382, 40]
✅ Draft ACCEPTED: 1008
✅ Draft ACCEPTED: 26131
✅ Draft ACCEPTED: 382
❌ Draft REJECTED: expected 40, got 14037
🔍 Match found at ngram_size 3: [382, 14037, 9210] -> drafts [374, 429, 279, 1196]
❌ Draft REJECTED: expected 374, got 25
🔍 Match found at ngram_size 3: [25, 279, 1196] -> drafts [2578, 387, 3330, 369]
✅ Draft ACCEPTED: 2578
✅ Draft ACCEPTED: 387
✅ Draft ACCEPTED: 3330
✅ Draft ACCEPTED: 369
🔍 Match found at ngram_size 5: [2578, 387, 3330, 369, 11674] -> drafts [429, 614, 1012, 389]
✅ Draft ACCEPTED: 429
✅ Draft ACCEPTED: 614
✅ Draft ACCEPTED: 1012
✅ Draft ACCEPTED: 389
🔍 Match found at ngram_size 5: [429, 614, 1012, 389, 279] -> drafts [26131, 369, 279, 22032]
✅ Draft ACCEPTED: 26131
✅ Draft ACCEPTED: 369
✅ Draft ACCEPTED: 279
✅ Draft ACCEPTED: 22032
🔍 Match found at ngram_size 5: [26131, 369, 279, 22032, 882] -> drafts [13, 1752, 3110, 11]
❌ Draft REJECTED: expected 13, got 11
🔍 Match found at ngram_size 3: [882, 11, 714] -> drafts [429, 594, 264, 2155]
✅ Draft ACCEPTED: 429
✅ Draft ACCEPTED: 594
❌ Draft REJECTED: expected 264, got 803
🔍 Match found at ngram_size 3: [13, 4354, 11] -> drafts [358, 646, 944, 2615]
❌ Draft REJECTED: expected 358, got 279
🔍 Match found at ngram_size 4: [13, 4354, 11, 279] -> drafts [66193, 8007, 220, 16]
❌ Draft REJECTED: expected 66193, got 3239
🔍 Match found at ngram_size 3: [11, 279, 3239] -> drafts [3171, 944, 13837, 13]
❌ Draft REJECTED: expected 3171, got 33845
🔍 Match found at ngram_size 3: [33845, 330, 3562] -> drafts [5411, 11674, 1140, 1335]
✅ Draft ACCEPTED: 5411
❌ Draft REJECTED: expected 11674, got 1335
🔍 Match found at ngram_size 3: [1335, 892, 1410] -> drafts [3076, 279, 5535, 9487]
❌ Draft REJECTED: expected 3076, got 387
🔍 Match found at ngram_size 3: [264, 6514, 315] -> drafts [1909, 220, 20, 15]
❌ Draft REJECTED: expected 1909, got 2176
🔍 Match found at ngram_size 3: [358, 1184, 311] -> drafts [1779, 369, 279, 1429]
❌ Draft REJECTED: expected 1779, got 19192
🔍 Match found at ngram_size 4: [358, 1184, 311, 19192] -> drafts [264, 1140, 315, 279]
✅ Draft ACCEPTED: 264
✅ Draft ACCEPTED: 1140
✅ Draft ACCEPTED: 315
✅ Draft ACCEPTED: 279
🔍 Match found at ngram_size 5: [264, 1140, 315, 279, 1909] -> drafts [220, 20, 15, 11674]
✅ Draft ACCEPTED: 220
✅ Draft ACCEPTED: 20
✅ Draft ACCEPTED: 15
✅ Draft ACCEPTED: 11674
🔍 Match found at ngram_size 3: [11674, 3118, 389] -> drafts [13656, 9487, 5068, 323]
✅ Draft ACCEPTED: 13656
✅ Draft ACCEPTED: 9487
❌ Draft REJECTED: expected 5068, got 821
🔍 Match found at ngram_size 3: [9487, 821, 323] -> drafts [1045, 3213, 10295, 382]
❌ Draft REJECTED: expected 1045, got 3213
🔍 Match found at ngram_size 3: [13, 6771, 752] -> drafts [1744, 315, 11674, 429]
❌ Draft REJECTED: expected 1744, got 1191
🔍 Match found at ngram_size 3: [279, 66193, 8007] -> drafts [220, 16, 15, 15]
✅ Draft ACCEPTED: 220
✅ Draft ACCEPTED: 16
✅ Draft ACCEPTED: 15
✅ Draft ACCEPTED: 15
🔍 Match found at ngram_size 5: [220, 16, 15, 15, 11] -> drafts [714, 432, 594, 1083]
❌ Draft REJECTED: expected 714, got 1221
🔍 Match found at ngram_size 3: [1045, 315, 279] -> drafts [1909, 11674, 504, 3213]
❌ Draft REJECTED: expected 1909, got 1429
🔍 Match found at ngram_size 4: [1045, 315, 279, 1429] -> drafts [5411, 11674, 504, 3213]
✅ Draft ACCEPTED: 5411
✅ Draft ACCEPTED: 11674
✅ Draft ACCEPTED: 504
❌ Draft REJECTED: expected 3213, got 279
🔍 Match found at ngram_size 3: [504, 279, 3267] -> drafts [10793, 382, 3983, 3783]
❌ Draft REJECTED: expected 10793, got 2421
🔍 Match found at ngram_size 3: [11, 358, 646] -> drafts [944, 2615, 3887, 821]
✅ Draft ACCEPTED: 944
✅ Draft ACCEPTED: 2615
✅ Draft ACCEPTED: 3887
✅ Draft ACCEPTED: 821
🔍 Match found at ngram_size 5: [944, 2615, 3887, 821, 11] -> drafts [773, 358, 3278, 614]
✅ Draft ACCEPTED: 773
✅ Draft ACCEPTED: 358
✅ Draft ACCEPTED: 3278
✅ Draft ACCEPTED: 614
🔍 Match found at ngram_size 5: [773, 358, 3278, 614, 311] -> drafts [17188, 389, 3267, 9487]
✅ Draft ACCEPTED: 17188
✅ Draft ACCEPTED: 389
✅ Draft ACCEPTED: 3267
❌ Draft REJECTED: expected 9487, got 26131
🔍 Match found at ngram_size 3: [26131, 13, 1752] -> drafts [3110, 11, 330, 2304]
✅ Draft ACCEPTED: 3110
✅ Draft ACCEPTED: 11
✅ Draft ACCEPTED: 330
❌ Draft REJECTED: expected 2304, got 3882
🔍 Match found at ngram_size 5: [1752, 3110, 11, 330, 3882] -> drafts [15965, 1, 553, 386]
✅ Draft ACCEPTED: 15965
✅ Draft ACCEPTED: 1
✅ Draft ACCEPTED: 553
✅ Draft ACCEPTED: 386
🔍 Match found at ngram_size 5: [15965, 1, 553, 386, 17801] -> drafts [70824, 323, 330, 34]
✅ Draft ACCEPTED: 70824
❌ Draft REJECTED: expected 323, got 572
🔍 Match found at ngram_size 5: [553, 386, 17801, 70824, 572] -> drafts [389, 279, 8007, 220]
❌ Draft REJECTED: expected 389, got 264
🔍 Match found at ngram_size 3: [70824, 572, 264] -> drafts [1909, 4201, 389, 279]
✅ Draft ACCEPTED: 1909
✅ Draft ACCEPTED: 4201
❌ Draft REJECTED: expected 389, got 304
🔍 Match found at ngram_size 5: [572, 264, 1909, 4201, 304] -> drafts [279, 220, 16, 24]
❌ Draft REJECTED: expected 279, got 220
🔍 Match found at ngram_size 3: [13, 330, 34] -> drafts [7673, 6285, 1, 553]
❌ Draft REJECTED: expected 7673, got 2672
🔍 Match found at ngram_size 4: [13, 330, 34, 2672] -> drafts [301, 18836, 1, 553]
✅ Draft ACCEPTED: 301
✅ Draft ACCEPTED: 18836
✅ Draft ACCEPTED: 1
✅ Draft ACCEPTED: 553
🔍 Match found at ngram_size 5: [301, 18836, 1, 553, 32819] -> drafts [13255, 70824, 572, 1083]
✅ Draft ACCEPTED: 13255
✅ Draft ACCEPTED: 70824
✅ Draft ACCEPTED: 572
❌ Draft REJECTED: expected 1083, got 264
🔍 Match found at ngram_size 5: [32819, 13255, 70824, 572, 264] -> drafts [1909, 4201, 389, 279]
✅ Draft ACCEPTED: 1909
✅ Draft ACCEPTED: 4201
❌ Draft REJECTED: expected 389, got 304
🔍 Match found at ngram_size 5: [572, 264, 1909, 4201, 304] -> drafts [220, 17, 15, 17]
✅ Draft ACCEPTED: 220
✅ Draft ACCEPTED: 17
✅ Draft ACCEPTED: 15
✅ Draft ACCEPTED: 17
🔍 Match found at ngram_size 3: [13, 330, 2121] -> drafts [1084, 14804, 1, 553]
✅ Draft ACCEPTED: 1084
✅ Draft ACCEPTED: 14804
✅ Draft ACCEPTED: 1
✅ Draft ACCEPTED: 553
🔍 Match found at ngram_size 5: [1084, 14804, 1, 553, 13928] -> drafts [37370, 572, 264, 1909]
✅ Draft ACCEPTED: 37370
✅ Draft ACCEPTED: 572
✅ Draft ACCEPTED: 264
✅ Draft ACCEPTED: 1909
🔍 Match found at ngram_size 5: [37370, 572, 264, 1909, 4201] -> drafts [389, 279, 8007, 220]
❌ Draft REJECTED: expected 389, got 304
🔍 Match found at ngram_size 5: [572, 264, 1909, 4201, 304] -> drafts [220, 17, 15, 17]
✅ Draft ACCEPTED: 220
✅ Draft ACCEPTED: 17
✅ Draft ACCEPTED: 15
✅ Draft ACCEPTED: 17
🔍 Match found at ngram_size 5: [220, 17, 15, 17, 17] -> drafts [13, 330, 2121, 1084]
✅ Draft ACCEPTED: 13
✅ Draft ACCEPTED: 330
❌ Draft REJECTED: expected 2121, got 15216
🔍 Match found at ngram_size 3: [330, 15216, 220] -> drafts [19, 547, 1, 553]
✅ Draft ACCEPTED: 19
✅ Draft ACCEPTED: 547
✅ Draft ACCEPTED: 1
✅ Draft ACCEPTED: 553
🔍 Match found at ngram_size 5: [19, 547, 1, 553, 59287] -> drafts [77768, 11, 323, 330]
✅ Draft ACCEPTED: 77768
❌ Draft REJECTED: expected 11, got 572
🔍 Match found at ngram_size 3: [572, 264, 1909] -> drafts [4201, 304, 220, 17]
✅ Draft ACCEPTED: 4201
✅ Draft ACCEPTED: 304
✅ Draft ACCEPTED: 220
✅ Draft ACCEPTED: 17
🔍 Match found at ngram_size 5: [4201, 304, 220, 17, 15] -> drafts [17, 17, 13, 330]
✅ Draft ACCEPTED: 17
❌ Draft REJECTED: expected 17, got 16
🔍 Match found at ngram_size 5: [220, 17, 15, 17, 16] -> drafts [13, 330, 34, 2672]
❌ Draft REJECTED: expected 13, got 382
🔍 Match found at ngram_size 3: [382, 40, 1265] -> drafts [2924, 11674, 429, 614]
❌ Draft REJECTED: expected 2924, got 1083
🔍 Match found at ngram_size 4: [382, 40, 1265, 1083] -> drafts [2924, 11674, 429, 614]
✅ Draft ACCEPTED: 2924
❌ Draft REJECTED: expected 11674, got 1045
🔍 Match found at ngram_size 3: [11674, 429, 614] -> drafts [1012, 389, 279, 26131]
❌ Draft REJECTED: expected 1012, got 1030
🔍 Match found at ngram_size 4: [11674, 429, 614, 1030] -> drafts [1293, 64165, 22538, 11]
❌ Draft REJECTED: expected 1293, got 5089
🔍 Match found at ngram_size 5: [11674, 429, 614, 1030, 5089] -> drafts [16842, 5109, 11, 1496]
✅ Draft ACCEPTED: 16842
❌ Draft REJECTED: expected 5109, got 2393
🔍 Match found at ngram_size 3: [11, 1075, 330] -> drafts [2403, 358, 23252, 1]
❌ Draft REJECTED: expected 2403, got 18284
🔍 Match found at ngram_size 3: [330, 18284, 13971] -> drafts [9536, 1, 1030, 264]
✅ Draft ACCEPTED: 9536
✅ Draft ACCEPTED: 1
❌ Draft REJECTED: expected 1030, got 553
🔍 Match found at ngram_size 5: [18284, 13971, 9536, 1, 553] -> drafts [40478, 38222, 1599, 323]
✅ Draft ACCEPTED: 40478
✅ Draft ACCEPTED: 38222
✅ Draft ACCEPTED: 1599
✅ Draft ACCEPTED: 323
🔍 Match found at ngram_size 5: [40478, 38222, 1599, 323, 32819] -> drafts [13255, 70824, 1030, 264]
✅ Draft ACCEPTED: 13255
✅ Draft ACCEPTED: 70824
❌ Draft REJECTED: expected 1030, got 11
🔍 Match found at ngram_size 4: [32819, 13255, 70824, 11] -> drafts [330, 4923, 3961, 34170]
❌ Draft REJECTED: expected 330, got 892
🔍 Match found at ngram_size 3: [1030, 264, 10951] -> drafts [16842, 7760, 11, 3259]
✅ Draft ACCEPTED: 16842
❌ Draft REJECTED: expected 7760, got 5421
🔍 Match found at ngram_size 3: [13, 330, 34] -> drafts [2672, 301, 18836, 1]
✅ Draft ACCEPTED: 2672
✅ Draft ACCEPTED: 301
✅ Draft ACCEPTED: 18836
✅ Draft ACCEPTED: 1
🔍 Match found at ngram_size 5: [2672, 301, 18836, 1, 553] -> drafts [32819, 13255, 70824, 572]
✅ Draft ACCEPTED: 32819
✅ Draft ACCEPTED: 13255
✅ Draft ACCEPTED: 70824
❌ Draft REJECTED: expected 572, got 1083
🔍 Match found at ngram_size 3: [382, 14037, 3381] -> drafts [25, 279, 1196, 2578]
✅ Draft ACCEPTED: 25
✅ Draft ACCEPTED: 279
✅ Draft ACCEPTED: 1196
✅ Draft ACCEPTED: 2578
🔍 Match found at ngram_size 5: [25, 279, 1196, 2578, 387] -> drafts [3330, 369, 11674, 429]
✅ Draft ACCEPTED: 3330
✅ Draft ACCEPTED: 369
✅ Draft ACCEPTED: 11674
✅ Draft ACCEPTED: 429
🔍 Match found at ngram_size 5: [3330, 369, 11674, 429, 614] -> drafts [1012, 389, 279, 26131]
✅ Draft ACCEPTED: 1012
✅ Draft ACCEPTED: 389
✅ Draft ACCEPTED: 279
✅ Draft ACCEPTED: 26131
🔍 Match found at ngram_size 5: [1012, 389, 279, 26131, 369] -> drafts [279, 22032, 882, 11]
❌ Draft REJECTED: expected 279, got 5248
🔍 Match found at ngram_size 5: [389, 279, 26131, 369, 5248] -> drafts [5555, 11, 18860, 28659]
✅ Draft ACCEPTED: 5555
✅ Draft ACCEPTED: 11
✅ Draft ACCEPTED: 18860
✅ Draft ACCEPTED: 28659
🔍 Match found at ngram_size 5: [5555, 11, 18860, 28659, 22538] -> drafts [13, 1988, 1549, 11]
✅ Draft ACCEPTED: 13
❌ Draft REJECTED: expected 1988, got 1752
🔍 Match found at ngram_size 3: [13, 1752, 3110] -> drafts [11, 330, 3882, 15965]
✅ Draft ACCEPTED: 11
✅ Draft ACCEPTED: 330
❌ Draft REJECTED: expected 3882, got 34
🔍 Match found at ngram_size 3: [330, 34, 2672] -> drafts [301, 18836, 1, 553]
✅ Draft ACCEPTED: 301
✅ Draft ACCEPTED: 18836
✅ Draft ACCEPTED: 1
✅ Draft ACCEPTED: 553
🔍 Match found at ngram_size 5: [301, 18836, 1, 553, 32819] -> drafts [13255, 70824, 1083, 1030]
✅ Draft ACCEPTED: 13255
✅ Draft ACCEPTED: 70824
❌ Draft REJECTED: expected 1083, got 572
🔍 Match found at ngram_size 5: [553, 32819, 13255, 70824, 572] -> drafts [264, 1909, 4201, 304]
❌ Draft REJECTED: expected 264, got 389
🔍 Match found at ngram_size 3: [70824, 572, 389] -> drafts [279, 8007, 220, 16]
✅ Draft ACCEPTED: 279
❌ Draft REJECTED: expected 8007, got 9487
🔍 Match found at ngram_size 3: [389, 279, 9487] -> drafts [13, 1752, 3110, 11]
❌ Draft REJECTED: expected 13, got 369
🔍 Match found at ngram_size 3: [330, 2304, 85] -> drafts [49544, 1, 572, 264]
✅ Draft ACCEPTED: 49544
✅ Draft ACCEPTED: 1
❌ Draft REJECTED: expected 572, got 553
🔍 Match found at ngram_size 5: [2304, 85, 49544, 1, 553] -> drafts [422, 4284, 41139, 64]
✅ Draft ACCEPTED: 422
✅ Draft ACCEPTED: 4284
✅ Draft ACCEPTED: 41139
✅ Draft ACCEPTED: 64
🔍 Match found at ngram_size 3: [1083, 389, 279] -> drafts [6424, 26131, 13, 330]
❌ Draft REJECTED: expected 6424, got 9487
🔍 Match found at ngram_size 3: [389, 279, 9487] -> drafts [369, 3807, 5555, 13]
✅ Draft ACCEPTED: 369
✅ Draft ACCEPTED: 3807
✅ Draft ACCEPTED: 5555
❌ Draft REJECTED: expected 13, got 382
🔍 Match found at ngram_size 3: [382, 3983, 1549] -> drafts [11, 358, 646, 944]
✅ Draft ACCEPTED: 11
✅ Draft ACCEPTED: 358
✅ Draft ACCEPTED: 646
✅ Draft ACCEPTED: 944
🔍 Match found at ngram_size 5: [11, 358, 646, 944, 2615] -> drafts [3887, 821, 11, 773]
✅ Draft ACCEPTED: 3887
✅ Draft ACCEPTED: 821
✅ Draft ACCEPTED: 11
✅ Draft ACCEPTED: 773
🔍 Match found at ngram_size 5: [3887, 821, 11, 773, 358] -> drafts [3278, 614, 311, 17188]
✅ Draft ACCEPTED: 3278
✅ Draft ACCEPTED: 614
✅ Draft ACCEPTED: 311
✅ Draft ACCEPTED: 17188
🔍 Match found at ngram_size 5: [3278, 614, 311, 17188, 389] -> drafts [3267, 26131, 13, 1752]
✅ Draft ACCEPTED: 3267
❌ Draft REJECTED: expected 26131, got 9487
🔍 Match found at ngram_size 5: [311, 17188, 389, 3267, 9487] -> drafts [821, 323, 1045, 3213]
✅ Draft ACCEPTED: 821
❌ Draft REJECTED: expected 323, got 13
🔍 Match found at ngram_size 3: [13, 1752, 2867] -> drafts [11, 2420, 11674, 1075]
✅ Draft ACCEPTED: 11
❌ Draft REJECTED: expected 2420, got 330
🔍 Match found at ngram_size 3: [11, 330, 18284] -> drafts [13971, 9536, 1, 1030]
✅ Draft ACCEPTED: 13971
✅ Draft ACCEPTED: 9536
✅ Draft ACCEPTED: 1
❌ Draft REJECTED: expected 1030, got 572
🔍 Match found at ngram_size 3: [369, 3807, 5555] -> drafts [382, 3983, 1549, 11]
❌ Draft REJECTED: expected 382, got 304
🔍 Match found at ngram_size 3: [5555, 304, 220] -> drafts [16, 24, 23, 18]
❌ Draft REJECTED: expected 16, got 17
🔍 Match found at ngram_size 3: [304, 220, 17] -> drafts [15, 17, 16, 382]
✅ Draft ACCEPTED: 15
❌ Draft REJECTED: expected 17, got 16
🔍 Match found at ngram_size 3: [13, 330, 34] -> drafts [2672, 301, 18836, 1]
✅ Draft ACCEPTED: 2672
✅ Draft ACCEPTED: 301
✅ Draft ACCEPTED: 18836
✅ Draft ACCEPTED: 1
🔍 Match found at ngram_size 3: [1, 572, 1372] -> drafts [825, 369, 3807, 5555]
✅ Draft ACCEPTED: 825
✅ Draft ACCEPTED: 369
✅ Draft ACCEPTED: 3807
✅ Draft ACCEPTED: 5555
🔍 Match found at ngram_size 5: [825, 369, 3807, 5555, 304] -> drafts [220, 17, 15, 16]
✅ Draft ACCEPTED: 220
✅ Draft ACCEPTED: 17
✅ Draft ACCEPTED: 15
❌ Draft REJECTED: expected 16, got 17
🔍 Match found at ngram_size 5: [304, 220, 17, 15, 17] -> drafts [16, 382, 40, 1265]
❌ Draft REJECTED: expected 16, got 17
🔍 Match found at ngram_size 5: [220, 17, 15, 17, 17] -> drafts [13, 330, 15216, 220]
❌ Draft REJECTED: expected 13, got 382
🔍 Match found at ngram_size 3: [382, 40, 1184] -> drafts [311, 19192, 264, 1140]
✅ Draft ACCEPTED: 311
❌ Draft REJECTED: expected 19192, got 1281
🔍 Match found at ngram_size 3: [1184, 311, 1281] -> drafts [2704, 279, 1140, 374]
✅ Draft ACCEPTED: 2704
✅ Draft ACCEPTED: 279
✅ Draft ACCEPTED: 1140
❌ Draft REJECTED: expected 374, got 5646
🔍 Match found at ngram_size 3: [13, 6771, 752] -> drafts [1191, 448, 279, 1482]
❌ Draft REJECTED: expected 1191, got 2924
🔍 Match found at ngram_size 3: [11, 1075, 330] -> drafts [18284, 13971, 9536, 1]
❌ Draft REJECTED: expected 18284, got 40
🔍 Match found at ngram_size 4: [11, 1075, 330, 40] -> drafts [4841, 28778, 533, 1]
✅ Draft ACCEPTED: 4841
✅ Draft ACCEPTED: 28778
✅ Draft ACCEPTED: 533
✅ Draft ACCEPTED: 1

=== Lookahead Session: 1779811801 ===
🔍 Match found at ngram_size 3: [236761, 49032, 529] -> drafts [1599, 753, 3602, 212360]
✅ Draft ACCEPTED: 1599
✅ Draft ACCEPTED: 753
✅ Draft ACCEPTED: 3602
✅ Draft ACCEPTED: 212360
🔍 Match found at ngram_size 5: [1599, 753, 3602, 212360, 107] -> drafts [236800, 236761, 3314, 54120]
❌ Draft REJECTED: expected 236800, got 236819
🔍 Match found at ngram_size 3: [753, 17787, 62152] -> drafts [107, 236770, 236812, 236761]
✅ Draft ACCEPTED: 107
✅ Draft ACCEPTED: 236770
❌ Draft REJECTED: expected 236812, got 236810
🔍 Match found at ngram_size 3: [753, 3602, 212360] -> drafts [107, 236819, 236761, 10687]
✅ Draft ACCEPTED: 107
❌ Draft REJECTED: expected 236819, got 236770
🔍 Match found at ngram_size 3: [236771, 236761, 564] -> drafts [197858, 91356, 753, 5561]
❌ Draft REJECTED: expected 197858, got 4291
🔍 Match found at ngram_size 3: [753, 3602, 212360] -> drafts [107, 236770, 236828, 236761]
✅ Draft ACCEPTED: 107
❌ Draft REJECTED: expected 236770, got 236778
🔍 Match found at ngram_size 3: [753, 15224, 31155] -> drafts [107, 236770, 236825, 236761]
✅ Draft ACCEPTED: 107
❌ Draft REJECTED: expected 236770, got 236778
🔍 Match found at ngram_size 3: [753, 144862, 107] -> drafts [236778, 236810, 236761, 3026]
✅ Draft ACCEPTED: 236778
❌ Draft REJECTED: expected 236810, got 236832
🔍 Match found at ngram_size 3: [236761, 7768, 34249] -> drafts [32999, 753, 17787, 62152]
✅ Draft ACCEPTED: 32999
✅ Draft ACCEPTED: 753
✅ Draft ACCEPTED: 17787
✅ Draft ACCEPTED: 62152
🔍 Match found at ngram_size 5: [32999, 753, 17787, 62152, 107] -> drafts [236770, 236812, 236761, 1773]
❌ Draft REJECTED: expected 236770, got 236778
🔍 Match found at ngram_size 3: [753, 14802, 6552] -> drafts [107, 236770, 236819, 236761]
✅ Draft ACCEPTED: 107
❌ Draft REJECTED: expected 236770, got 236778
🔍 Match found at ngram_size 3: [236761, 224363, 78087] -> drafts [753, 4534, 630, 79972]
✅ Draft ACCEPTED: 753
✅ Draft ACCEPTED: 4534
✅ Draft ACCEPTED: 630
✅ Draft ACCEPTED: 79972
🔍 Match found at ngram_size 5: [753, 4534, 630, 79972, 12110] -> drafts [236761, 49440, 23156, 107]
✅ Draft ACCEPTED: 236761
✅ Draft ACCEPTED: 49440
✅ Draft ACCEPTED: 23156
✅ Draft ACCEPTED: 107
🔍 Match found at ngram_size 3: [236761, 72092, 753] -> drafts [15224, 31155, 107, 236770]
✅ Draft ACCEPTED: 15224
✅ Draft ACCEPTED: 31155
✅ Draft ACCEPTED: 107
❌ Draft REJECTED: expected 236770, got 236800
🔍 Match found at ngram_size 3: [236761, 3314, 54120] -> drafts [3025, 753, 30913, 633]
✅ Draft ACCEPTED: 3025
✅ Draft ACCEPTED: 753
✅ Draft ACCEPTED: 30913
✅ Draft ACCEPTED: 633
🔍 Match found at ngram_size 5: [3025, 753, 30913, 633, 1190] -> drafts [236747, 12110, 236761, 85222]
✅ Draft ACCEPTED: 236747
✅ Draft ACCEPTED: 12110
✅ Draft ACCEPTED: 236761
✅ Draft ACCEPTED: 85222
🔍 Match found at ngram_size 5: [236747, 12110, 236761, 85222, 110168] -> drafts [107, 236812, 236761, 143427]
✅ Draft ACCEPTED: 107
❌ Draft REJECTED: expected 236812, got 236800
🔍 Match found at ngram_size 3: [236761, 143427, 645] -> drafts [165157, 753, 13741, 26806]
✅ Draft ACCEPTED: 165157
✅ Draft ACCEPTED: 753
✅ Draft ACCEPTED: 13741
✅ Draft ACCEPTED: 26806
🔍 Match found at ngram_size 5: [165157, 753, 13741, 26806, 107] -> drafts [236810, 236761, 2376, 5152]
❌ Draft REJECTED: expected 236810, got 236800
🔍 Match found at ngram_size 3: [236761, 49032, 529] -> drafts [1599, 753, 3602, 212360]
✅ Draft ACCEPTED: 1599
✅ Draft ACCEPTED: 753
✅ Draft ACCEPTED: 3602
✅ Draft ACCEPTED: 212360
🔍 Match found at ngram_size 5: [1599, 753, 3602, 212360, 107] -> drafts [236819, 236761, 10687, 12258]
❌ Draft REJECTED: expected 236819, got 236800
🔍 Match found at ngram_size 5: [753, 3602, 212360, 107, 236800] -> drafts [236761, 3314, 54120, 3025]
❌ Draft REJECTED: expected 236761, got 236812
🔍 Match found at ngram_size 3: [236761, 155635, 1194] -> drafts [753, 116445, 32003, 236746]
✅ Draft ACCEPTED: 753
✅ Draft ACCEPTED: 116445
✅ Draft ACCEPTED: 32003
✅ Draft ACCEPTED: 236746
🔍 Match found at ngram_size 5: [753, 116445, 32003, 236746, 107] -> drafts [236770, 236778, 236761, 20728]
❌ Draft REJECTED: expected 236770, got 236800
🔍 Match found at ngram_size 3: [236761, 20728, 753] -> drafts [108019, 18633, 13643, 107]
✅ Draft ACCEPTED: 108019
✅ Draft ACCEPTED: 18633
✅ Draft ACCEPTED: 13643
✅ Draft ACCEPTED: 107
🔍 Match found at ngram_size 3: [236761, 7768, 34249] -> drafts [32999, 753, 17787, 62152]
✅ Draft ACCEPTED: 32999
✅ Draft ACCEPTED: 753
✅ Draft ACCEPTED: 17787
✅ Draft ACCEPTED: 62152
🔍 Match found at ngram_size 5: [32999, 753, 17787, 62152, 107] -> drafts [236778, 236828, 236761, 78523]
❌ Draft REJECTED: expected 236778, got 236800
🔍 Match found at ngram_size 3: [236761, 1773, 1030] -> drafts [15141, 753, 17787, 62152]
✅ Draft ACCEPTED: 15141
✅ Draft ACCEPTED: 753
✅ Draft ACCEPTED: 17787
✅ Draft ACCEPTED: 62152
🔍 Match found at ngram_size 5: [15141, 753, 17787, 62152, 107] -> drafts [236770, 236810, 236761, 72092]
❌ Draft REJECTED: expected 236770, got 236800
🔍 Match found at ngram_size 5: [753, 17787, 62152, 107, 236800] -> drafts [236832, 236761, 1773, 1030]
❌ Draft REJECTED: expected 236832, got 236828
🔍 Match found at ngram_size 3: [236761, 7886, 236743] -> drafts [236812, 749, 753, 65776]
✅ Draft ACCEPTED: 236812
✅ Draft ACCEPTED: 749
✅ Draft ACCEPTED: 753
✅ Draft ACCEPTED: 65776
🔍 Match found at ngram_size 5: [236812, 749, 753, 65776, 80307] -> drafts [107, 236770, 236832, 236761]
✅ Draft ACCEPTED: 107
❌ Draft REJECTED: expected 236770, got 236800
🔍 Match found at ngram_size 3: [236761, 61755, 5641] -> drafts [99727, 753, 3602, 212360]
✅ Draft ACCEPTED: 99727
✅ Draft ACCEPTED: 753
✅ Draft ACCEPTED: 3602
✅ Draft ACCEPTED: 212360
🔍 Match found at ngram_size 5: [99727, 753, 3602, 212360, 107] -> drafts [236770, 236828, 236761, 48510]
❌ Draft REJECTED: expected 236770, got 236812
🔍 Match found at ngram_size 3: [236761, 48510, 1599] -> drafts [14689, 753, 14802, 6552]
✅ Draft ACCEPTED: 14689
✅ Draft ACCEPTED: 753
✅ Draft ACCEPTED: 14802
✅ Draft ACCEPTED: 6552
🔍 Match found at ngram_size 5: [14689, 753, 14802, 6552, 107] -> drafts [236770, 236819, 236761, 62039]
❌ Draft REJECTED: expected 236770, got 236812
🔍 Match found at ngram_size 3: [236761, 62039, 528] -> drafts [506, 7117, 753, 669]
✅ Draft ACCEPTED: 506
✅ Draft ACCEPTED: 7117
✅ Draft ACCEPTED: 753
✅ Draft ACCEPTED: 669
🔍 Match found at ngram_size 5: [506, 7117, 753, 669, 874] -> drafts [1005, 236782, 57949, 1074]
✅ Draft ACCEPTED: 1005
✅ Draft ACCEPTED: 236782
✅ Draft ACCEPTED: 57949
✅ Draft ACCEPTED: 1074
🔍 Match found at ngram_size 5: [1005, 236782, 57949, 1074, 823] -> drafts [107, 236778, 236771, 236761]
✅ Draft ACCEPTED: 107
❌ Draft REJECTED: expected 236778, got 236812
🔍 Match found at ngram_size 3: [236761, 564, 4291] -> drafts [31246, 11543, 1599, 753]
✅ Draft ACCEPTED: 31246
✅ Draft ACCEPTED: 11543
✅ Draft ACCEPTED: 1599
✅ Draft ACCEPTED: 753
🔍 Match found at ngram_size 5: [31246, 11543, 1599, 753, 66229] -> drafts [21912, 107, 236778, 236770]
✅ Draft ACCEPTED: 21912
✅ Draft ACCEPTED: 107
❌ Draft REJECTED: expected 236778, got 236812
🔍 Match found at ngram_size 3: [236761, 29365, 753] -> drafts [669, 34325, 91583, 84426]
✅ Draft ACCEPTED: 669
✅ Draft ACCEPTED: 34325
✅ Draft ACCEPTED: 91583
✅ Draft ACCEPTED: 84426
🔍 Match found at ngram_size 5: [669, 34325, 91583, 84426, 833] -> drafts [31768, 97723, 107, 236778]
✅ Draft ACCEPTED: 31768
✅ Draft ACCEPTED: 97723
✅ Draft ACCEPTED: 107
❌ Draft REJECTED: expected 236778, got 236812
🔍 Match found at ngram_size 3: [236812, 236761, 64642] -> drafts [753, 144862, 107, 236778]
✅ Draft ACCEPTED: 753
✅ Draft ACCEPTED: 144862
✅ Draft ACCEPTED: 107
❌ Draft REJECTED: expected 236778, got 236812
🔍 Match found at ngram_size 3: [236761, 78523, 14596] -> drafts [753, 14802, 6552, 107]
✅ Draft ACCEPTED: 753
✅ Draft ACCEPTED: 14802
✅ Draft ACCEPTED: 6552
✅ Draft ACCEPTED: 107
🔍 Match found at ngram_size 5: [753, 14802, 6552, 107, 236812] -> drafts [236770, 236761, 62039, 528]
❌ Draft REJECTED: expected 236770, got 236825
🔍 Match found at ngram_size 3: [236761, 137075, 630] -> drafts [198507, 753, 14596, 107]
✅ Draft ACCEPTED: 198507
✅ Draft ACCEPTED: 753
✅ Draft ACCEPTED: 14596
✅ Draft ACCEPTED: 107
🔍 Match found at ngram_size 3: [236761, 224363, 78087] -> drafts [753, 4534, 630, 79972]
✅ Draft ACCEPTED: 753
✅ Draft ACCEPTED: 4534
✅ Draft ACCEPTED: 630
✅ Draft ACCEPTED: 79972
🔍 Match found at ngram_size 5: [753, 4534, 630, 79972, 12110] -> drafts [236761, 49440, 23156, 107]
✅ Draft ACCEPTED: 236761
✅ Draft ACCEPTED: 49440
✅ Draft ACCEPTED: 23156
✅ Draft ACCEPTED: 107
🔍 Match found at ngram_size 3: [236761, 3314, 54120] -> drafts [3025, 753, 30913, 633]
✅ Draft ACCEPTED: 3025
✅ Draft ACCEPTED: 753
✅ Draft ACCEPTED: 30913
✅ Draft ACCEPTED: 633
🔍 Match found at ngram_size 5: [3025, 753, 30913, 633, 1190] -> drafts [236747, 12110, 236761, 85222]
✅ Draft ACCEPTED: 236747
✅ Draft ACCEPTED: 12110
✅ Draft ACCEPTED: 236761
✅ Draft ACCEPTED: 85222
🔍 Match found at ngram_size 5: [236747, 12110, 236761, 85222, 110168] -> drafts [107, 236800, 236778, 236761]
✅ Draft ACCEPTED: 107
❌ Draft REJECTED: expected 236800, got 236812
🔍 Match found at ngram_size 5: [236761, 85222, 110168, 107, 236812] -> drafts [236761, 143427, 645, 165157]
❌ Draft REJECTED: expected 236761, got 236819
🔍 Match found at ngram_size 3: [236761, 143427, 645] -> drafts [165157, 753, 13741, 26806]
✅ Draft ACCEPTED: 165157
✅ Draft ACCEPTED: 753
✅ Draft ACCEPTED: 13741
✅ Draft ACCEPTED: 26806
🔍 Match found at ngram_size 5: [165157, 753, 13741, 26806, 107] -> drafts [236800, 236800, 236761, 49032]
❌ Draft REJECTED: expected 236800, got 236810
🔍 Match found at ngram_size 5: [753, 13741, 26806, 107, 236810] -> drafts [236761, 2376, 5152, 46768]
❌ Draft REJECTED: expected 236761, got 236771
🔍 Match found at ngram_size 3: [236761, 49032, 529] -> drafts [1599, 753, 3602, 212360]
✅ Draft ACCEPTED: 1599
✅ Draft ACCEPTED: 753
✅ Draft ACCEPTED: 3602
✅ Draft ACCEPTED: 212360

=== Lookahead Session: 1779811817 ===
🔍 Match found at ngram_size 3: [236761, 49032, 529] -> drafts [1599, 753, 3602, 212360]
✅ Draft ACCEPTED: 1599
✅ Draft ACCEPTED: 753
✅ Draft ACCEPTED: 3602
✅ Draft ACCEPTED: 212360
🔍 Match found at ngram_size 5: [1599, 753, 3602, 212360, 107] -> drafts [236800, 236761, 3314, 54120]
❌ Draft REJECTED: expected 236800, got 236819
🔍 Match found at ngram_size 3: [753, 17787, 62152] -> drafts [107, 236770, 236812, 236761]
✅ Draft ACCEPTED: 107
✅ Draft ACCEPTED: 236770
❌ Draft REJECTED: expected 236812, got 236810
🔍 Match found at ngram_size 3: [753, 3602, 212360] -> drafts [107, 236819, 236761, 10687]
✅ Draft ACCEPTED: 107
❌ Draft REJECTED: expected 236819, got 236770
🔍 Match found at ngram_size 3: [236771, 236761, 564] -> drafts [197858, 91356, 753, 5561]
❌ Draft REJECTED: expected 197858, got 4291
🔍 Match found at ngram_size 3: [753, 3602, 212360] -> drafts [107, 236770, 236828, 236761]
✅ Draft ACCEPTED: 107
❌ Draft REJECTED: expected 236770, got 236778
🔍 Match found at ngram_size 3: [753, 15224, 31155] -> drafts [107, 236770, 236825, 236761]
✅ Draft ACCEPTED: 107
❌ Draft REJECTED: expected 236770, got 236778
🔍 Match found at ngram_size 3: [753, 144862, 107] -> drafts [236778, 236810, 236761, 3026]
✅ Draft ACCEPTED: 236778
❌ Draft REJECTED: expected 236810, got 236832
🔍 Match found at ngram_size 3: [236761, 7768, 34249] -> drafts [32999, 753, 17787, 62152]
✅ Draft ACCEPTED: 32999
✅ Draft ACCEPTED: 753
✅ Draft ACCEPTED: 17787
✅ Draft ACCEPTED: 62152
🔍 Match found at ngram_size 5: [32999, 753, 17787, 62152, 107] -> drafts [236770, 236812, 236761, 1773]
❌ Draft REJECTED: expected 236770, got 236778
🔍 Match found at ngram_size 3: [753, 14802, 6552] -> drafts [107, 236770, 236819, 236761]
✅ Draft ACCEPTED: 107
❌ Draft REJECTED: expected 236770, got 236778
🔍 Match found at ngram_size 3: [236761, 224363, 78087] -> drafts [753, 4534, 630, 79972]
✅ Draft ACCEPTED: 753
✅ Draft ACCEPTED: 4534
✅ Draft ACCEPTED: 630
✅ Draft ACCEPTED: 79972
🔍 Match found at ngram_size 5: [753, 4534, 630, 79972, 12110] -> drafts [236761, 49440, 23156, 107]
✅ Draft ACCEPTED: 236761
✅ Draft ACCEPTED: 49440
✅ Draft ACCEPTED: 23156
✅ Draft ACCEPTED: 107
🔍 Match found at ngram_size 3: [236761, 72092, 753] -> drafts [15224, 31155, 107, 236770]
✅ Draft ACCEPTED: 15224
✅ Draft ACCEPTED: 31155
✅ Draft ACCEPTED: 107
❌ Draft REJECTED: expected 236770, got 236800
🔍 Match found at ngram_size 3: [236761, 3314, 54120] -> drafts [3025, 753, 30913, 633]
✅ Draft ACCEPTED: 3025
✅ Draft ACCEPTED: 753
✅ Draft ACCEPTED: 30913
✅ Draft ACCEPTED: 633
🔍 Match found at ngram_size 5: [3025, 753, 30913, 633, 1190] -> drafts [236747, 12110, 236761, 85222]
✅ Draft ACCEPTED: 236747
✅ Draft ACCEPTED: 12110
✅ Draft ACCEPTED: 236761
✅ Draft ACCEPTED: 85222
🔍 Match found at ngram_size 5: [236747, 12110, 236761, 85222, 110168] -> drafts [107, 236812, 236761, 143427]
✅ Draft ACCEPTED: 107
❌ Draft REJECTED: expected 236812, got 236800
🔍 Match found at ngram_size 3: [236761, 143427, 645] -> drafts [165157, 753, 13741, 26806]
✅ Draft ACCEPTED: 165157
✅ Draft ACCEPTED: 753
✅ Draft ACCEPTED: 13741
✅ Draft ACCEPTED: 26806
🔍 Match found at ngram_size 5: [165157, 753, 13741, 26806, 107] -> drafts [236810, 236761, 2376, 5152]
❌ Draft REJECTED: expected 236810, got 236800
🔍 Match found at ngram_size 3: [236761, 49032, 529] -> drafts [1599, 753, 3602, 212360]
✅ Draft ACCEPTED: 1599
✅ Draft ACCEPTED: 753
✅ Draft ACCEPTED: 3602
✅ Draft ACCEPTED: 212360
🔍 Match found at ngram_size 5: [1599, 753, 3602, 212360, 107] -> drafts [236819, 236761, 10687, 12258]
❌ Draft REJECTED: expected 236819, got 236800
🔍 Match found at ngram_size 5: [753, 3602, 212360, 107, 236800] -> drafts [236761, 3314, 54120, 3025]
❌ Draft REJECTED: expected 236761, got 236812
🔍 Match found at ngram_size 3: [236761, 155635, 1194] -> drafts [753, 116445, 32003, 236746]
✅ Draft ACCEPTED: 753
✅ Draft ACCEPTED: 116445
✅ Draft ACCEPTED: 32003
✅ Draft ACCEPTED: 236746
🔍 Match found at ngram_size 5: [753, 116445, 32003, 236746, 107] -> drafts [236770, 236778, 236761, 20728]
❌ Draft REJECTED: expected 236770, got 236800
🔍 Match found at ngram_size 3: [236761, 20728, 753] -> drafts [108019, 18633, 13643, 107]
✅ Draft ACCEPTED: 108019
✅ Draft ACCEPTED: 18633
✅ Draft ACCEPTED: 13643
✅ Draft ACCEPTED: 107
🔍 Match found at ngram_size 3: [236761, 7768, 34249] -> drafts [32999, 753, 17787, 62152]
✅ Draft ACCEPTED: 32999
✅ Draft ACCEPTED: 753
✅ Draft ACCEPTED: 17787
✅ Draft ACCEPTED: 62152
🔍 Match found at ngram_size 5: [32999, 753, 17787, 62152, 107] -> drafts [236778, 236828, 236761, 78523]
❌ Draft REJECTED: expected 236778, got 236800
🔍 Match found at ngram_size 3: [236761, 1773, 1030] -> drafts [15141, 753, 17787, 62152]
✅ Draft ACCEPTED: 15141
✅ Draft ACCEPTED: 753
✅ Draft ACCEPTED: 17787
✅ Draft ACCEPTED: 62152
🔍 Match found at ngram_size 5: [15141, 753, 17787, 62152, 107] -> drafts [236770, 236810, 236761, 72092]
❌ Draft REJECTED: expected 236770, got 236800
🔍 Match found at ngram_size 5: [753, 17787, 62152, 107, 236800] -> drafts [236832, 236761, 1773, 1030]
❌ Draft REJECTED: expected 236832, got 236828
🔍 Match found at ngram_size 3: [236761, 7886, 236743] -> drafts [236812, 749, 753, 65776]
✅ Draft ACCEPTED: 236812
✅ Draft ACCEPTED: 749
✅ Draft ACCEPTED: 753
✅ Draft ACCEPTED: 65776
🔍 Match found at ngram_size 5: [236812, 749, 753, 65776, 80307] -> drafts [107, 236770, 236832, 236761]
✅ Draft ACCEPTED: 107
❌ Draft REJECTED: expected 236770, got 236800
🔍 Match found at ngram_size 3: [236761, 61755, 5641] -> drafts [99727, 753, 3602, 212360]
✅ Draft ACCEPTED: 99727
✅ Draft ACCEPTED: 753
✅ Draft ACCEPTED: 3602
✅ Draft ACCEPTED: 212360
🔍 Match found at ngram_size 5: [99727, 753, 3602, 212360, 107] -> drafts [236770, 236828, 236761, 48510]
❌ Draft REJECTED: expected 236770, got 236812
🔍 Match found at ngram_size 3: [236761, 48510, 1599] -> drafts [14689, 753, 14802, 6552]
✅ Draft ACCEPTED: 14689
✅ Draft ACCEPTED: 753
✅ Draft ACCEPTED: 14802
✅ Draft ACCEPTED: 6552
🔍 Match found at ngram_size 5: [14689, 753, 14802, 6552, 107] -> drafts [236770, 236819, 236761, 62039]
❌ Draft REJECTED: expected 236770, got 236812
🔍 Match found at ngram_size 3: [236761, 62039, 528] -> drafts [506, 7117, 753, 669]
✅ Draft ACCEPTED: 506
✅ Draft ACCEPTED: 7117
✅ Draft ACCEPTED: 753
✅ Draft ACCEPTED: 669
🔍 Match found at ngram_size 5: [506, 7117, 753, 669, 874] -> drafts [1005, 236782, 57949, 1074]
✅ Draft ACCEPTED: 1005
✅ Draft ACCEPTED: 236782
✅ Draft ACCEPTED: 57949
✅ Draft ACCEPTED: 1074
🔍 Match found at ngram_size 5: [1005, 236782, 57949, 1074, 823] -> drafts [107, 236778, 236771, 236761]
✅ Draft ACCEPTED: 107
❌ Draft REJECTED: expected 236778, got 236812
🔍 Match found at ngram_size 3: [236761, 564, 4291] -> drafts [31246, 11543, 1599, 753]
✅ Draft ACCEPTED: 31246
✅ Draft ACCEPTED: 11543
✅ Draft ACCEPTED: 1599
✅ Draft ACCEPTED: 753
🔍 Match found at ngram_size 5: [31246, 11543, 1599, 753, 66229] -> drafts [21912, 107, 236778, 236770]
✅ Draft ACCEPTED: 21912
✅ Draft ACCEPTED: 107
❌ Draft REJECTED: expected 236778, got 236812
🔍 Match found at ngram_size 3: [236761, 29365, 753] -> drafts [669, 34325, 91583, 84426]
✅ Draft ACCEPTED: 669
✅ Draft ACCEPTED: 34325
✅ Draft ACCEPTED: 91583
✅ Draft ACCEPTED: 84426
🔍 Match found at ngram_size 5: [669, 34325, 91583, 84426, 833] -> drafts [31768, 97723, 107, 236778]
✅ Draft ACCEPTED: 31768
✅ Draft ACCEPTED: 97723
✅ Draft ACCEPTED: 107
❌ Draft REJECTED: expected 236778, got 236812
🔍 Match found at ngram_size 3: [236812, 236761, 64642] -> drafts [753, 144862, 107, 236778]
✅ Draft ACCEPTED: 753
✅ Draft ACCEPTED: 144862
✅ Draft ACCEPTED: 107
❌ Draft REJECTED: expected 236778, got 236812
🔍 Match found at ngram_size 3: [236761, 78523, 14596] -> drafts [753, 14802, 6552, 107]
✅ Draft ACCEPTED: 753
✅ Draft ACCEPTED: 14802
✅ Draft ACCEPTED: 6552
✅ Draft ACCEPTED: 107
🔍 Match found at ngram_size 5: [753, 14802, 6552, 107, 236812] -> drafts [236770, 236761, 62039, 528]
❌ Draft REJECTED: expected 236770, got 236825
🔍 Match found at ngram_size 3: [236761, 137075, 630] -> drafts [198507, 753, 14596, 107]
✅ Draft ACCEPTED: 198507
✅ Draft ACCEPTED: 753
✅ Draft ACCEPTED: 14596
✅ Draft ACCEPTED: 107
🔍 Match found at ngram_size 3: [236761, 224363, 78087] -> drafts [753, 4534, 630, 79972]
✅ Draft ACCEPTED: 753
✅ Draft ACCEPTED: 4534
✅ Draft ACCEPTED: 630
✅ Draft ACCEPTED: 79972
🔍 Match found at ngram_size 5: [753, 4534, 630, 79972, 12110] -> drafts [236761, 49440, 23156, 107]
✅ Draft ACCEPTED: 236761
✅ Draft ACCEPTED: 49440
✅ Draft ACCEPTED: 23156
✅ Draft ACCEPTED: 107
🔍 Match found at ngram_size 3: [236761, 3314, 54120] -> drafts [3025, 753, 30913, 633]
✅ Draft ACCEPTED: 3025
✅ Draft ACCEPTED: 753
✅ Draft ACCEPTED: 30913
✅ Draft ACCEPTED: 633
🔍 Match found at ngram_size 5: [3025, 753, 30913, 633, 1190] -> drafts [236747, 12110, 236761, 85222]
✅ Draft ACCEPTED: 236747
✅ Draft ACCEPTED: 12110
✅ Draft ACCEPTED: 236761
✅ Draft ACCEPTED: 85222
🔍 Match found at ngram_size 5: [236747, 12110, 236761, 85222, 110168] -> drafts [107, 236800, 236778, 236761]
✅ Draft ACCEPTED: 107
❌ Draft REJECTED: expected 236800, got 236812
🔍 Match found at ngram_size 5: [236761, 85222, 110168, 107, 236812] -> drafts [236761, 143427, 645, 165157]
❌ Draft REJECTED: expected 236761, got 236819
🔍 Match found at ngram_size 3: [236761, 143427, 645] -> drafts [165157, 753, 13741, 26806]
✅ Draft ACCEPTED: 165157
✅ Draft ACCEPTED: 753
✅ Draft ACCEPTED: 13741
✅ Draft ACCEPTED: 26806
🔍 Match found at ngram_size 5: [165157, 753, 13741, 26806, 107] -> drafts [236800, 236800, 236761, 49032]
❌ Draft REJECTED: expected 236800, got 236810
🔍 Match found at ngram_size 5: [753, 13741, 26806, 107, 236810] -> drafts [236761, 2376, 5152, 46768]
❌ Draft REJECTED: expected 236761, got 236771
🔍 Match found at ngram_size 3: [236761, 49032, 529] -> drafts [1599, 753, 3602, 212360]
✅ Draft ACCEPTED: 1599
✅ Draft ACCEPTED: 753
✅ Draft ACCEPTED: 3602
✅ Draft ACCEPTED: 212360

=== Lookahead Session: 1779811890 ===
🔍 Match found at ngram_size 3: [753, 3602, 212360] -> drafts [107, 236800, 236761, 26079]
✅ Draft ACCEPTED: 107
❌ Draft REJECTED: expected 236800, got 236812
🔍 Match found at ngram_size 3: [49440, 23156, 107] -> drafts [236810, 236761, 218786, 753]
❌ Draft REJECTED: expected 236810, got 236832
🔍 Match found at ngram_size 3: [753, 3602, 212360] -> drafts [107, 236812, 236761, 102298]
✅ Draft ACCEPTED: 107
❌ Draft REJECTED: expected 236812, got 236828
🔍 Match found at ngram_size 3: [753, 3602, 212360] -> drafts [107, 236828, 236761, 118927]
✅ Draft ACCEPTED: 107
❌ Draft REJECTED: expected 236828, got 236819
🔍 Match found at ngram_size 3: [753, 119925, 107] -> drafts [236770, 236771, 236761, 62039]
✅ Draft ACCEPTED: 236770
❌ Draft REJECTED: expected 236771, got 236770
🔍 Match found at ngram_size 3: [49440, 23156, 107] -> drafts [236832, 236761, 61755, 5641]
❌ Draft REJECTED: expected 236832, got 236778
🔍 Match found at ngram_size 3: [753, 73151, 107] -> drafts [236778, 236800, 236761, 9929]
✅ Draft ACCEPTED: 236778
❌ Draft REJECTED: expected 236800, got 236812
🔍 Match found at ngram_size 3: [753, 144862, 107] -> drafts [236778, 236825, 236761, 5612]
✅ Draft ACCEPTED: 236778
❌ Draft REJECTED: expected 236825, got 236828
🔍 Match found at ngram_size 3: [236770, 236761, 32277] -> drafts [68216, 568, 14219, 21757]
❌ Draft REJECTED: expected 68216, got 19035
🔍 Match found at ngram_size 3: [496, 61682, 753] -> drafts [73151, 107, 236778, 236812]
❌ Draft REJECTED: expected 73151, got 11545
🔍 Match found at ngram_size 3: [236761, 224363, 78087] -> drafts [753, 4534, 630, 79972]
✅ Draft ACCEPTED: 753
✅ Draft ACCEPTED: 4534
✅ Draft ACCEPTED: 630
✅ Draft ACCEPTED: 79972
🔍 Match found at ngram_size 5: [753, 4534, 630, 79972, 12110] -> drafts [236761, 49440, 23156, 107]
✅ Draft ACCEPTED: 236761
✅ Draft ACCEPTED: 49440
✅ Draft ACCEPTED: 23156
✅ Draft ACCEPTED: 107
🔍 Match found at ngram_size 3: [753, 15224, 31155] -> drafts [107, 236770, 236828, 236761]
✅ Draft ACCEPTED: 107
❌ Draft REJECTED: expected 236770, got 236800
🔍 Match found at ngram_size 3: [753, 17787, 62152] -> drafts [107, 236812, 236771, 236761]
✅ Draft ACCEPTED: 107
✅ Draft ACCEPTED: 236812
❌ Draft REJECTED: expected 236771, got 236770
🔍 Match found at ngram_size 3: [753, 15224, 31155] -> drafts [107, 236800, 236819, 236761]
✅ Draft ACCEPTED: 107
❌ Draft REJECTED: expected 236800, got 236812
🔍 Match found at ngram_size 3: [753, 116445, 32003] -> drafts [236746, 107, 236812, 236812]
✅ Draft ACCEPTED: 236746
✅ Draft ACCEPTED: 107
✅ Draft ACCEPTED: 236812
❌ Draft REJECTED: expected 236812, got 236810
🔍 Match found at ngram_size 3: [753, 15224, 31155] -> drafts [107, 236812, 236800, 236761]
✅ Draft ACCEPTED: 107
✅ Draft ACCEPTED: 236812
❌ Draft REJECTED: expected 236800, got 236825
🔍 Match found at ngram_size 3: [753, 669, 13444] -> drafts [523, 107, 236778, 236761]
✅ Draft ACCEPTED: 523
✅ Draft ACCEPTED: 107
❌ Draft REJECTED: expected 236778, got 236812
🔍 Match found at ngram_size 3: [753, 17787, 62152] -> drafts [107, 236812, 236770, 236761]
✅ Draft ACCEPTED: 107
✅ Draft ACCEPTED: 236812
❌ Draft REJECTED: expected 236770, got 236828
🔍 Match found at ngram_size 3: [753, 8972, 15333] -> drafts [107, 236800, 236812, 236761]
✅ Draft ACCEPTED: 107
❌ Draft REJECTED: expected 236800, got 236812
🔍 Match found at ngram_size 3: [753, 49440, 23156] -> drafts [107, 236778, 236770, 236761]
✅ Draft ACCEPTED: 107
❌ Draft REJECTED: expected 236778, got 236810
🔍 Match found at ngram_size 4: [49440, 23156, 107, 236810] -> drafts [236761, 218786, 753, 70498]
❌ Draft REJECTED: expected 236761, got 236771
